Kingdom,Phylum,Class,Genus,Name,AlgalGroup,CurrentName
Chromista,Ochrophyta,Coscinodiscophyceae,Acanthoceras,Acanthoceras sp.,Centric Diatoms,None
Chromista,Ochrophyta,Bacillariophyceae,Achnanthes,Achnanthes brevipes,Pennate Diatoms,None
Chromista,Ochrophyta,Bacillariophyceae,Achnanthes,Achnanthes delicatula,Pennate Diatoms,Planothidium delicatulum
Chromista,Ochrophyta,Bacillariophyceae,Achnanthes,Achnanthes exigua,Pennate Diatoms,Lemnicola exigua
Chromista,Ochrophyta,Bacillariophyceae,Achnanthes,Achnanthes gibberula,Pennate Diatoms,None
Chromista,Ochrophyta,Bacillariophyceae,Achnanthes,Achnanthes lanceolata,Pennate Diatoms,Planothidium lanceolatum
Chromista,Ochrophyta,Bacillariophyceae,Planothidium,Planothidium lanceolatum,Pennate Diatoms,None
Chromista,Ochrophyta,Bacillariophyceae,Achnanthes,Achnanthes linearis,Pennate Diatoms,Achnanthidium lineare
Chromista,Ochrophyta,Bacillariophyceae,Achnanthes,Achnanthes minutissima,Pennate Diatoms,Achnanthidium minutissimum
Chromista,Ochrophyta,Bacillariophyceae,Achnanthes,Achnanthes sp.,Pennate Diatoms,None
Chromista,Ochrophyta,Bacillariophyceae,Achnanthes,Achnanthes temperei,Pennate Diatoms,None
Chromista,Ochrophyta,Bacillariophyceae,Achnanthidium,Achnanthidium exiguum,Pennate Diatoms,Lemnicola exigua
Chromista,Ochrophyta,Fragilariophyceae,Achnanthidium,Achnanthidium gracillimum,Pennate Diatoms,None
Chromista,Ochrophyta,Bacillariophyceae,Achnanthidium,Achnanthidium minutissimum,Pennate Diatoms,None
Chromista,Ochrophyta,Bacillariophyceae,Achnanthidium,Achnanthidium sp.,Pennate Diatoms,None
Plantae,Chlorophyta,Chlorophyceae,Actinastrum,Actinastrum gracillimum,Green Algae,None
Plantae,Chlorophyta,Chlorophyceae,Actinastrum,Actinastrum hantzschii,Green Algae,None
Plantae,Chlorophyta,Chlorophyceae,Actinastrum,Actinastrum sp.,Green Algae,None
Chromista,Ochrophyta,Bacillariophyceae,Actinella,Actinella sp.,Pennate Diatoms,None
Chromista,Ochrophyta,Coscinodiscophyceae,Actinocyclus,Actinocyclus normanii,Centric Diatoms,None
Chromista,Ochrophyta,Coscinodiscophyceae,Actinocyclus,Actinocyclus sp.,Centric Diatoms,None
Chromista,Ochrophyta,Coscinodiscophyceae,Actinoptychus,Actinoptychus senarius,Centric Diatoms,None
Chromista,Ochrophyta,Coscinodiscophyceae,Actinoptychus,Actinoptychus sp.,Centric Diatoms,None
Chromista,Ochrophyta,Bacillariophyceae,Adlafia,Adlafia sp.,Pennate Diatoms,None
Chromista,Ochrophyta,Bacillariophyceae,Adlafia,Adlafia suchlandtii,Pennate Diatoms,None
Bacteria,Cyanobacteria,Cyanophyceae,Agmenellum,Agmenellum elegans,Cyanobacteria,None
Bacteria,Cyanobacteria,Cyanophyceae,Agmenellum,Agmenellum sp.,Cyanobacteria,Merismopedia sp.
Bacteria,Cyanobacteria,Cyanophyceae,Agmenellum,Agmenellum tenuissima,Cyanobacteria,Unknown
Protozoa,Dinozoa,Dinophyceae,Akashiwo,Akashiwo sanguinea,Dinoflagellates,None
Protozoa,Dinozoa,Dinophyceae,Alexandrium,Alexandrium catenella,Dinoflagellates,None
Protozoa,Dinozoa,Dinophyceae,Alexandrium,Alexandrium sp.,Dinoflagellates,None
Protozoa,Dinozoa,Dinophyceae,Alexandrium,Alexandrium sp. 2,Dinoflagellates,None
Protozoa,Dinozoa,Dinophyceae,Alexandrium,Alexandrium tamarense,Dinoflagellates,None
Chromista,Ochrophyta,Bacillariophyceae,Amphicampa,Amphicampa mirabilis,Pennate Diatoms,None
Chromista,Ochrophyta,Bacillariophyceae,Amphicampa,Amphicampa sp.,Pennate Diatoms,None
Protozoa,Dinozoa,Dinophyceae,Amphidinium,Amphidinium sp.,Dinoflagellates,None
Chromista,Ochrophyta,Bacillariophyceae,Amphipleura,Amphipleura pellucida,Pennate Diatoms,None
Chromista,Ochrophyta,Bacillariophyceae,Amphipleura,Amphipleura sp.,Pennate Diatoms,None
Chromista,Ochrophyta,Bacillariophyceae,Amphiprora,Amphiprora ornata,Pennate Diatoms,Entomoneis ornata
Chromista,Ochrophyta,Bacillariophyceae,Amphiprora,Amphiprora paludosa,Pennate Diatoms,Entomoneis paludosa
Chromista,Ochrophyta,Bacillariophyceae,Amphiprora,Amphiprora sp.,Pennate Diatoms,None
Chromista,Ochrophyta,Bacillariophyceae,Amphora,Amphora delicatissima,Pennate Diatoms,None
Chromista,Ochrophyta,Bacillariophyceae,Amphora,Amphora holsatica,Pennate Diatoms,Halamphora holsatica
Chromista,Ochrophyta,Bacillariophyceae,Amphora,Amphora libyca,Pennate Diatoms,None
Chromista,Ochrophyta,Bacillariophyceae,Amphora,Amphora normanii,Pennate Diatoms,Halamphora normanii
Chromista,Ochrophyta,Bacillariophyceae,Amphora,Amphora ovalis,Pennate Diatoms,None
Chromista,Ochrophyta,Bacillariophyceae,Amphora,Amphora pediculus,Pennate Diatoms,None
Chromista,Ochrophyta,Bacillariophyceae,Amphora,Amphora sp.,Pennate Diatoms,None
Bacteria,Cyanobacteria,Cyanophyceae,Anabaena,Anabaena affinis,Cyanobacteria,Dolichospermum affine
Bacteria,Cyanobacteria,Cyanophyceae,Anabaena,Anabaena circinalis,Cyanobacteria,Dolichospermum circinale
Bacteria,Cyanobacteria,Cyanophyceae,Anabaena,Anabaena sp.,Cyanobacteria,None
Bacteria,Cyanobacteria,Cyanophyceae,Anabaena,Anabaena spiroides,Cyanobacteria,Dolichospermum spiroides
Bacteria,Cyanobacteria,Cyanophyceae,Anabaenopsis,Anabaenopsis elenkinii,Cyanobacteria,None
Bacteria,Cyanobacteria,Cyanophyceae,Anabaenopsis,Anabaenopsis sp.,Cyanobacteria,None
Bacteria,Cyanobacteria,Cyanophyceae,Anacystis,Anacystis cyanea,Cyanobacteria,Microcystis aeruginosa
Bacteria,Cyanobacteria,Cyanophyceae,Anacystis,Anacystis incerta,Cyanobacteria,Aphanocapsa incerta
Bacteria,Cyanobacteria,Cyanophyceae,Anacystis,Anacystis limnetica,Cyanobacteria,Limnococcus limneticus
Bacteria,Cyanobacteria,Cyanophyceae,Anacystis,Anacystis nidulans,Cyanobacteria,Aphanothece nidulans
Bacteria,Cyanobacteria,Cyanophyceae,Anacystis,Anacystis sp.,Cyanobacteria,None
Plantae,Chlorophyta,Chlorophyceae,Ankistrodesmus,Ankistrodesmus arcuatus,Green Algae,None
Plantae,Chlorophyta,Chlorophyceae,Ankistrodesmus,Ankistrodesmus braunii,Green Algae,Chlorolobion braunii
Plantae,Chlorophyta,Chlorophyceae,Ankistrodesmus,Ankistrodesmus convolutus,Green Algae,Monoraphidium convolutum
Plantae,Chlorophyta,Chlorophyceae,Ankistrodesmus,Ankistrodesmus falcatus,Green Algae,None
Plantae,Chlorophyta,Chlorophyceae,Ankistrodesmus,Ankistrodesmus sp.,Green Algae,None
Plantae,Chlorophyta,Chlorophyceae,Ankyra,Ankyra ancora,Green Algae,None
Plantae,Chlorophyta,Chlorophyceae,Ankyra,Ankyra sp.,Green Algae,None
Chromista,Ochrophyta,Bacillariophyceae,Anomoeoneis,Anomoeoneis capitata,Pennate Diatoms,None
Chromista,Ochrophyta,Bacillariophyceae,Anomoeoneis,Anomoeoneis sp.,Pennate Diatoms,None
Bacteria,Cyanobacteria,Cyanophyceae,Aphanizomenon,Aphanizomenon flos-aquae,Cyanobacteria,None
Bacteria,Cyanobacteria,Cyanophyceae,Aphanizomenon,Aphanizomenon klebahnii,Cyanobacteria,None
Bacteria,Cyanobacteria,Cyanophyceae,Aphanizomenon,Aphanizomenon sp.,Cyanobacteria,None
Bacteria,Cyanobacteria,Cyanophyceae,Aphanocapsa,Aphanocapsa sp.,Cyanobacteria,None
Bacteria,Cyanobacteria,Cyanophyceae,Aphanothece,Aphanothece endophytica,Cyanobacteria,Anathece endophytica
Bacteria,Cyanobacteria,Cyanophyceae,Aphanothece,Aphanothece sp.,Cyanobacteria,None
Chromista,Ochrophyta,Xanthophyceae,Arachnochloris,Arachnochloris minor,Xanthophytes,None
Chromista,Ochrophyta,Xanthophyceae,Arachnochloris,Arachnochloris sp.,Xanthophytes,None
Chromista,Ochrophyta,Fragilariophyceae,Asterionella,Asterionella formosa,Pennate Diatoms,None
Chromista,Ochrophyta,Fragilariophyceae,Asterionella,Asterionella sp.,Pennate Diatoms,None
Chromista,Ochrophyta,Fragilariophyceae,Asterionellopsis,Asterionellopsis glacialis,Pennate Diatoms,None
Chromista,Ochrophyta,Coscinodiscophyceae,Asteromphalus,Asteromphalus sp.,Centric Diatoms,None
Chromista,Ochrophyta,Coscinodiscophyceae,Attheya,Attheya sp.,Centric Diatoms,None
Chromista,Ochrophyta,Coscinodiscophyceae,Attheya,Attheya zachariasii,Centric Diatoms,Acanthoceras zachariasii
Chromista,Ochrophyta,Coscinodiscophyceae,Aulacoseira,Aulacoseira alpigena,Centric Diatoms,None
Chromista,Ochrophyta,Coscinodiscophyceae,Aulacoseira,Aulacoseira ambigua,Centric Diatoms,None
Chromista,Ochrophyta,Coscinodiscophyceae,Aulacoseira,Aulacoseira distans,Centric Diatoms,None
Chromista,Ochrophyta,Coscinodiscophyceae,Aulacoseira,Aulacoseira granulata,Centric Diatoms,None
Chromista,Ochrophyta,Coscinodiscophyceae,Aulacoseira,Aulacoseira italica,Centric Diatoms,None
Chromista,Ochrophyta,Coscinodiscophyceae,Aulacoseira,Aulacoseira pusilla,Centric Diatoms,None
Chromista,Ochrophyta,Coscinodiscophyceae,Aulacoseira,Aulacoseira sp.,Centric Diatoms,None
Chromista,Ochrophyta,Bacillariophyceae,Bacillaria,Bacillaria paradoxa,Pennate Diatoms,Bacillaria paxillifera
Chromista,Ochrophyta,Bacillariophyceae,Bacillaria,Bacillaria paxillifer,Pennate Diatoms,Bacillaria paxillifera
Chromista,Ochrophyta,Bacillariophyceae,Bacillaria,Bacillaria paxillifera,Pennate Diatoms,None
Chromista,Ochrophyta,Bacillariophyceae,Bacillaria,Bacillaria sp.,Pennate Diatoms,None
Plantae,Rhodophyta,Bangiophyceae,Bangia,Bangia atropurpurea,Red Algae,None
Chromista,Ochrophyta,Coscinodiscophyceae,Biddulphia,Biddulphia laevis,Centric Diatoms,Pleurosira laevis
Chromista,Ochrophyta,Coscinodiscophyceae,Biddulphia,Biddulphia sp.,Centric Diatoms,None
Plantae,Chlorophyta,Chlorophyceae,Botryococcus,Botryococcus sp.,Green Algae,None
Chromista,Ochrophyta,Bacillariophyceae,Caloneis,Caloneis amphisbaena,Pennate Diatoms,None
Chromista,Ochrophyta,Bacillariophyceae,Caloneis,Caloneis schumanniana,Pennate Diatoms,None
Chromista,Ochrophyta,Bacillariophyceae,Caloneis,Caloneis sp.,Pennate Diatoms,None
Bacteria,Cyanobacteria,Cyanophyceae,Calothrix,Calothrix braunii,Cyanobacteria,None
Chromista,Haptophyta,Coccolithophyceae,Calyptrosphaera,Calyptrosphaera sp.,Coccolithophores,None
Chromista,Ochrophyta,Bacillariophyceae,Campylodiscus,Campylodiscus hibernicus,Pennate Diatoms,Iconella hibernica
Chromista,Ochrophyta,Bacillariophyceae,Campylodiscus,Campylodiscus sp.,Pennate Diatoms,None
Plantae,Chlorophyta,Chlorophyceae,Carteria,Carteria cordiformis,Green Algae,Tetraselmis cordiformis
Plantae,Chlorophyta,Chlorophyceae,Carteria,Carteria klebsii,Green Algae,None
Plantae,Chlorophyta,Chlorophyceae,Carteria,Carteria sp.,Green Algae,Tetraselmis sp.
Chromista,Ochrophyta,Xanthophyceae,Centritractus,Centritractus sp.,Xanthophytes,None
Chromista,Ochrophyta,Coscinodiscophyceae,Cerataulina,Cerataulina sp.,Centric Diatoms,None
Protozoa,Dinozoa,Dinophyceae,Ceratium,Ceratium furca,Dinoflagellates,Tripos furca
Protozoa,Dinozoa,Dinophyceae,Ceratium,Ceratium hirundinella,Dinoflagellates,None
Protozoa,Dinozoa,Dinophyceae,Ceratium,Ceratium lineatum,Dinoflagellates,Tripos lineatus
Protozoa,Dinozoa,Dinophyceae,Ceratium,Ceratium sp.,Dinoflagellates,None
Chromista,Ochrophyta,Fragilariophyceae,Ceratoneis,Ceratoneis arcus,Pennate Diatoms,Hannaea arcus
Chromista,Ochrophyta,Fragilariophyceae,Ceratoneis,Ceratoneis closterium,Pennate Diatoms,Cylindrotheca closterium
Chromista,Ochrophyta,Fragilariophyceae,Ceratoneis,Ceratoneis sp.,Pennate Diatoms,Cylindrotheca sp.
Chromista,Ochrophyta,Coscinodiscophyceae,Chaetoceros,Chaetoceros elmorei,Centric Diatoms,None
Chromista,Ochrophyta,Coscinodiscophyceae,Chaetoceros,Chaetoceros sp.,Centric Diatoms,None
Chromista,Ochrophyta,Xanthophyceae,Characiopsis,Characiopsis sp.,Xanthophytes,Pseudocharaciopsis sp.
Chromista,Ochrophyta,Xanthophyceae,Characiopsis,Characiopsis turgida,Xanthophytes,None
Plantae,Chlorophyta,Chlorophyceae,Characium,Characium sp.,Green Algae,None
Plantae,Chlorophyta,Chlorophyceae,Chlamydomonas,Chlamydomonas braunii,Green Algae,Microglena braunii
Plantae,Chlorophyta,Chlorophyceae,Chlamydomonas,Chlamydomonas globosa,Green Algae,None
Plantae,Chlorophyta,Chlorophyceae,Chlamydomonas,Chlamydomonas gloeopara,Green Algae,None
Plantae,Chlorophyta,Chlorophyceae,Chlamydomonas,Chlamydomonas grovei,Green Algae,Chloromonas grovei
Plantae,Chlorophyta,Chlorophyceae,Chlamydomonas,Chlamydomonas mirabilis,Green Algae,Chloromonas mirabilis
Plantae,Chlorophyta,Chlorophyceae,Chlamydomonas,Chlamydomonas sp.,Green Algae,None
Plantae,Chlorophyta,Chlorophyceae,Chlamydonephris,Chlamydonephris pomiformis,Green Algae,None
Chromista,Ochrophyta,Xanthophyceae,Chlorallanthus,Chlorallanthus sp.,Xanthophytes,None
Plantae,Chlorophyta,Chlorophyceae,Chlorella,Chlorella ellipsoidea,Green Algae,Chloroidium ellipsoideum
Plantae,Chlorophyta,Chlorophyceae,Chlorella,Chlorella miniata,Green Algae,None
Plantae,Chlorophyta,Chlorophyceae,Chlorella,Chlorella sp.,Green Algae,None
Plantae,Chlorophyta,Chlorophyceae,Chlorella,Chlorella vulgaris,Green Algae,None
Plantae,Chlorophyta,Chlorophyceae,Chlorococcum,Chlorococcum infusionum,Green Algae,None
Plantae,Chlorophyta,Chlorophyceae,Chlorococcum,Chlorococcum minutum,Green Algae,None
Plantae,Chlorophyta,Chlorophyceae,Chlorococcum,Chlorococcum sp.,Green Algae,None
Plantae,Chlorophyta,Chlorophyceae,Chlorogonium,Chlorogonium sp.,Green Algae,None
Plantae,Chlorophyta,Chlorophyceae,Chloroidium,Chloroidium ellipsoideum,Green Algae,None
Plantae,Chlorophyta,Chlorophyceae,Chlorolobion,Chlorolobion braunii,Green Algae,None
Plantae,Chlorophyta,Chlorophyceae,Chodatella,Chodatella quadriseta,Green Algae,Lagerheimia genevensis
Plantae,Chlorophyta,Chlorophyceae,Chodatella,Chodatella sp.,Green Algae,Lagerheimia sp.
Plantae,Chlorophyta,Chlorophyceae,Chodatella,Chodatella wratislaviensis,Green Algae,Lagerheimia wratislawiensis
Chromista,Ochrophyta,Chrysophyceae,Chromulina,Chromulina sp.,Chrysophytes,None
Bacteria,Cyanobacteria,Cyanophyceae,Chroococcus,Chroococcus dispersus,Cyanobacteria,None
Bacteria,Cyanobacteria,Cyanophyceae,Chroococcus,Chroococcus limneticus,Cyanobacteria,Limnococcus limneticus
Bacteria,Cyanobacteria,Cyanophyceae,Chroococcus,Chroococcus microscopicus,Cyanobacteria,Eucapsis microscopica
Bacteria,Cyanobacteria,Cyanophyceae,Chroococcus,Chroococcus minimus,Cyanobacteria,None
Bacteria,Cyanobacteria,Cyanophyceae,Chroococcus,Chroococcus minutus,Cyanobacteria,None
Bacteria,Cyanobacteria,Cyanophyceae,Chroococcus,Chroococcus planctonicus,Cyanobacteria,None
Bacteria,Cyanobacteria,Cyanophyceae,Chroococcus,Chroococcus sp.,Cyanobacteria,None
Chromista,Cryptophyta,Cryptophyceae,Chroomonas,Chroomonas acuta,Cryptophytes,Komma caudata
Chromista,Cryptophyta,Cryptophyceae,Chroomonas,Chroomonas marina,Cryptophytes,Cryptomonas kielensis
Chromista,Cryptophyta,Cryptophyceae,Chroomonas,Chroomonas nordstedtii,Cryptophytes,None
Chromista,Cryptophyta,Cryptophyceae,Chroomonas,Chroomonas rosenbergii,Cryptophytes,Chroomonas coerulea
Chromista,Cryptophyta,Cryptophyceae,Chroomonas,Chroomonas sp.,Cryptophytes,None
Chromista,Ochrophyta,Chrysophyceae,Chrysamoeba,Chrysamoeba sp.,Chrysophytes,None
Chromista,Ochrophyta,Chrysophyceae,Chrysocapsella,Chrysocapsella paludosa,Chrysophytes,Chrysocapsa paludosa
Chromista,Haptophyta,Prymnesiophyceae,Chrysochromulina,Chrysochromulina birgeri,Haptophytes,None
Chromista,Haptophyta,Prymnesiophyceae,Chrysochromulina,Chrysochromulina parva,Haptophytes,None
Chromista,Haptophyta,Prymnesiophyceae,Chrysochromulina,Chrysochromulina sp.,Haptophytes,None
Chromista,Ochrophyta,Chrysophyceae,Chrysococcus,Chrysococcus rufescens,Chrysophytes,None
Chromista,Ochrophyta,Chrysophyceae,Chrysococcus,Chrysococcus sp.,Chrysophytes,None
Chromista,Ochrophyta,Chrysophyceae,Chrysococcus,Chrysococcus spp.,Chrysophytes,None
Chromista,Ochrophyta,Chrysophyceae,Chrysosaccus,Chrysosaccus sp.,Chrysophytes,None
Plantae,Chlorophyta,Cladophorophyceae,Cladophora,Cladophora sp.,Green Algae,None
Plantae,Chlorophyta,Chlorophyceae,Closteriopsis,Closteriopsis acicularis,Green Algae,None
Plantae,Chlorophyta,Chlorophyceae,Closteriopsis,Closteriopsis longissima,Green Algae,None
Plantae,Chlorophyta,Chlorophyceae,Closteriopsis,Closteriopsis sp.,Green Algae,None
Plantae,Chlorophyta,Zygnematophyceae,Closterium,Closterium aciculare,Green Algae,None
Plantae,Chlorophyta,Zygnematophyceae,Closterium,Closterium acutum,Green Algae,None
Plantae,Chlorophyta,Zygnematophyceae,Closterium,Closterium arcuatum,Green Algae,Closterium dianae var. arcuatum
Plantae,Chlorophyta,Zygnematophyceae,Closterium,Closterium setaceum,Green Algae,None
Plantae,Chlorophyta,Zygnematophyceae,Closterium,Closterium sp.,Green Algae,None
Bacteria,Cyanobacteria,Cyanophyceae,Coccochloris,Coccochloris sp.,Cyanobacteria,Aphanothece sp.
Plantae,Chlorophyta,Chlorophyceae,Coccomonas,Coccomonas sp.,Green Algae,None
Plantae,Chlorophyta,Chlorophyceae,Coccomyxa,Coccomyxa sp.,Green Algae,None
Chromista,Ochrophyta,Bacillariophyceae,Cocconeis,Cocconeis pediculus,Pennate Diatoms,None
Chromista,Ochrophyta,Bacillariophyceae,Cocconeis,Cocconeis placentula,Pennate Diatoms,None
Chromista,Ochrophyta,Bacillariophyceae,Cocconeis,Cocconeis sp.,Pennate Diatoms,None
Plantae,Chlorophyta,Chlorophyceae,Coelastrum,Coelastrum microporum,Green Algae,None
Plantae,Chlorophyta,Chlorophyceae,Coelastrum,Coelastrum sp.,Green Algae,None
Plantae,Chlorophyta,Chlorophyceae,Coelastrum,Coelastrum sphaericum,Green Algae,None
Plantae,Chlorophyta,Chlorophyceae,Coelastrum,Coelastrum verrucosum,Green Algae,Coelastrum sphaericum
Bacteria,Cyanobacteria,Cyanophyceae,Coelosphaerium,Coelosphaerium sp.,Cyanobacteria,None
Plantae,Rhodophyta,Rhodellophyceae,Compsopogon,Compsopogon sp.,Red Algae,None
Chromista,Ochrophyta,Coscinodiscophyceae,Corethron,Corethron hystrix,Centric Diatoms,None
Chromista,Ochrophyta,Coscinodiscophyceae,Coscinodiscus,Coscinodiscus denarius,Centric Diatoms,None
Chromista,Ochrophyta,Coscinodiscophyceae,Coscinodiscus,Coscinodiscus radiatus,Centric Diatoms,None
Chromista,Ochrophyta,Coscinodiscophyceae,Coscinodiscus,Coscinodiscus sp.,Centric Diatoms,None
Plantae,Chlorophyta,Zygnematophyceae,Cosmarium,Cosmarium sp.,Green Algae,None
Plantae,Chlorophyta,Zygnematophyceae,Cosmarium,Cosmarium tinctum,Green Algae,None
Chromista,Ochrophyta,Bacillariophyceae,Craticula,Craticula accomoda,Pennate Diatoms,None
Chromista,Ochrophyta,Bacillariophyceae,Craticula,Craticula buderi,Pennate Diatoms,None
Chromista,Ochrophyta,Bacillariophyceae,Craticula,Craticula elkab,Pennate Diatoms,None
Chromista,Ochrophyta,Bacillariophyceae,Craticula,Craticula halophila,Pennate Diatoms,None
Chromista,Ochrophyta,Bacillariophyceae,Craticula,Craticula molestiformis,Pennate Diatoms,None
Chromista,Ochrophyta,Bacillariophyceae,Craticula,Craticula sp.,Pennate Diatoms,None
Plantae,Chlorophyta,Chlorophyceae,Crucigenia,Crucigenia apiculata,Green Algae,Willea apiculata
Plantae,Chlorophyta,Chlorophyceae,Crucigenia,Crucigenia crucifera,Green Algae,Willea crucifera
Plantae,Chlorophyta,Chlorophyceae,Crucigenia,Crucigenia fenestrata,Green Algae,None
Plantae,Chlorophyta,Chlorophyceae,Crucigenia,Crucigenia irregularis,Green Algae,Crucigeniella irregularis
Plantae,Chlorophyta,Chlorophyceae,Crucigenia,Crucigenia lauterbornii,Green Algae,Lemmermannia komarekii
Plantae,Chlorophyta,Chlorophyceae,Crucigenia,Crucigenia quadrata,Green Algae,None
Plantae,Chlorophyta,Chlorophyceae,Crucigenia,Crucigenia rectangularis,Green Algae,Willea rectangularis
Plantae,Chlorophyta,Chlorophyceae,Crucigenia,Crucigenia sp.,Green Algae,None
Plantae,Chlorophyta,Chlorophyceae,Crucigenia,Crucigenia staurogeniaeformis,Green Algae,None
Plantae,Chlorophyta,Chlorophyceae,Crucigenia,Crucigenia tetrapedia,Green Algae,None
Plantae,Chlorophyta,Chlorophyceae,Crucigenia,Crucigenia truncata,Green Algae,Willea truncata
Plantae,Chlorophyta,Chlorophyceae,Crucigeniella,Crucigeniella crucifera,Green Algae,Willea crucifera
Protozoa,Dinozoa,Dinophyceae,Crypthecodinium,Crypthecodinium cohnii,Dinoflagellates,None
Chromista,Cryptophyta,Cryptophyceae,Cryptomonas,Cryptomonas curvata,Cryptophytes,None
Chromista,Cryptophyta,Cryptophyceae,Cryptomonas,Cryptomonas erosa,Cryptophytes,None
Chromista,Cryptophyta,Cryptophyceae,Cryptomonas,Cryptomonas marssonii,Cryptophytes,None
Chromista,Cryptophyta,Cryptophyceae,Cryptomonas,Cryptomonas ovata,Cryptophytes,None
Chromista,Cryptophyta,Cryptophyceae,Cryptomonas,Cryptomonas sp.,Cryptophytes,None
Chromista,Cryptophyta,Cryptophyceae,Cryptomonas,Cryptomonas tetrapyrenoidosa,Cryptophytes,None
Bacteria,Cyanobacteria,Cyanophyceae,Cuspidothrix,Cuspidothrix sp.,Cyanobacteria,None
Bacteria,Cyanobacteria,Cyanophyceae,Cyanarcus,Cyanarcus hamiformis,Cyanobacteria,None
Bacteria,Cyanobacteria,Cyanophyceae,Cyanodictyon,Cyanodictyon sp.,Cyanobacteria,None
Chromista,Ochrophyta,Coscinodiscophyceae,Cyclostephanos,Cyclostephanos sp.,Centric Diatoms,None
Chromista,Ochrophyta,Coscinodiscophyceae,Cyclotella,Cyclotella atomus,Centric Diatoms,None
Chromista,Ochrophyta,Coscinodiscophyceae,Cyclotella,Cyclotella comta,Centric Diatoms,Lindavia comta
Chromista,Ochrophyta,Coscinodiscophyceae,Cyclotella,Cyclotella gamma,Centric Diatoms,None
Chromista,Ochrophyta,Coscinodiscophyceae,Cyclotella,Cyclotella glomerata,Centric Diatoms,Lindavia glomerata
Chromista,Ochrophyta,Coscinodiscophyceae,Cyclotella,Cyclotella meneghiniana,Centric Diatoms,None
Chromista,Ochrophyta,Coscinodiscophyceae,Cyclotella,Cyclotella sp.,Centric Diatoms,None
Chromista,Ochrophyta,Coscinodiscophyceae,Cyclotella,Cyclotella stelligera,Centric Diatoms,Discostella stelligera
Chromista,Ochrophyta,Coscinodiscophyceae,Cyclotella,Cyclotella striata,Centric Diatoms,None
Bacteria,Cyanobacteria,Cyanophyceae,Cylindrospermopsis,Cylindrospermopsis acuminatocrispa,Cyanobacteria,Raphidiopsis acuminatocrispa
Bacteria,Cyanobacteria,Cyanophyceae,Cylindrospermopsis,Cylindrospermopsis sp.,Cyanobacteria,Raphidiopsis sp.
Bacteria,Cyanobacteria,Cyanophyceae,Cylindrospermum,Cylindrospermum sp.,Cyanobacteria,None
Chromista,Ochrophyta,Bacillariophyceae,Cylindrotheca,Cylindrotheca closterium,Pennate Diatoms,None
Chromista,Ochrophyta,Bacillariophyceae,Cylindrotheca,Cylindrotheca sp.,Pennate Diatoms,None
Chromista,Ochrophyta,Bacillariophyceae,Cymatopleura,Cymatopleura elliptica,Pennate Diatoms,None
Chromista,Ochrophyta,Bacillariophyceae,Cymatopleura,Cymatopleura solea,Pennate Diatoms,Surirella librile
Chromista,Ochrophyta,Bacillariophyceae,Cymatopleura,Cymatopleura sp.,Pennate Diatoms,None
Chromista,Ochrophyta,Bacillariophyceae,Cymbella,Cymbella affinis,Pennate Diatoms,None
Chromista,Ochrophyta,Bacillariophyceae,Cymbella,Cymbella janischii,Pennate Diatoms,None
Chromista,Ochrophyta,Bacillariophyceae,Cymbella,Cymbella mexicana,Pennate Diatoms,None
Chromista,Ochrophyta,Bacillariophyceae,Cymbella,Cymbella sinuata,Pennate Diatoms,Reimeria sinuata
Chromista,Ochrophyta,Bacillariophyceae,Cymbella,Cymbella sp.,Pennate Diatoms,None
Chromista,Ochrophyta,Bacillariophyceae,Cymbella,Cymbella turgida,Pennate Diatoms,Encyonema elginense
Chromista,Ochrophyta,Bacillariophyceae,Cymbella,Cymbella ventricosa,Pennate Diatoms,Encyonema ventricosum
Chromista,Ochrophyta,Bacillariophyceae,Cymbopleura,Cymbopleura anglica,Pennate Diatoms,None
Chromista,Ochrophyta,Bacillariophyceae,Cymbopleura,Cymbopleura sp.,Pennate Diatoms,None
Protozoa,Dinozoa,Dinophyceae,Cystodinium,Cystodinium sp.,Dinoflagellates,None
Bacteria,Cyanobacteria,Cyanophyceae,Dactylococcopsis,Dactylococcopsis sp.,Cyanobacteria,None
Plantae,Chlorophyta,Chlorophyceae,Dactylococcus,Dactylococcus infusionum,Green Algae,None
Chromista,Ochrophyta,Bacillariophyceae,Denticula,Denticula elegans,Pennate Diatoms,None
Chromista,Ochrophyta,Bacillariophyceae,Denticula,Denticula pelagica,Pennate Diatoms,Tetralunata pelagica
Chromista,Ochrophyta,Bacillariophyceae,Denticula,Denticula sp.,Pennate Diatoms,None
Chromista,Ochrophyta,Bacillariophyceae,Denticula,Denticula tenuis,Pennate Diatoms,None
Plantae,Chlorophyta,Chlorophyceae,Desmatractum,Desmatractum indutum,Green Algae,None
Plantae,Chlorophyta,Zygnematophyceae,Desmidium,Desmidium swartzii,Green Algae,None
Plantae,Chlorophyta,Chlorophyceae,Desmodesmus,Desmodesmus aculeolatus,Green Algae,None
Plantae,Chlorophyta,Chlorophyceae,Desmodesmus,Desmodesmus armatus,Green Algae,None
Plantae,Chlorophyta,Chlorophyceae,Desmodesmus,Desmodesmus bicaudatus,Green Algae,None
Plantae,Chlorophyta,Chlorophyceae,Desmodesmus,Desmodesmus sp.,Green Algae,None
Plantae,Chlorophyta,Chlorophyceae,Desmodesmus,Desmodesmus subspicatus,Green Algae,None
Plantae,Chlorophyta,Chlorophyceae,Diacanthos,Diacanthos belenophorus,Green Algae,Micractinium belenophorum
Chromista,Ochrophyta,Bacillariophyceae,Diadesmis,Diadesmis contenta,Pennate Diatoms,Humidophila contenta
Chromista,Ochrophyta,Fragilariophyceae,Diatoma,Diatoma elongatum,Pennate Diatoms,Diatoma tenue
Chromista,Ochrophyta,Fragilariophyceae,Diatoma,Diatoma hiemale,Pennate Diatoms,None
Chromista,Ochrophyta,Fragilariophyceae,Diatoma,Diatoma moniliformis,Pennate Diatoms,None
Chromista,Ochrophyta,Fragilariophyceae,Diatoma,Diatoma sp.,Pennate Diatoms,None
Chromista,Ochrophyta,Fragilariophyceae,Diatoma,Diatoma spp.,Pennate Diatoms,None
Chromista,Ochrophyta,Fragilariophyceae,Diatoma,Diatoma vulgare,Pennate Diatoms,None
Chromista,Ochrophyta,Fragilariophyceae,Diatoma,Diatoma vulgaris,Pennate Diatoms,None
Chromista,Ochrophyta,Dictyochophyceae,Dictyocha,Dictyocha sp.,Silicoflagellates,None
Chromista,Ochrophyta,Dictyochophyceae,Dictyocha,Dictyocha speculum,Silicoflagellates,Octactis speculum
Plantae,Chlorophyta,Chlorophyceae,Dictyosphaerium,Dictyosphaerium pulchellum,Green Algae,Mucidosphaerium pulchellum
Plantae,Chlorophyta,Chlorophyceae,Dictyosphaerium,Dictyosphaerium sp.,Green Algae,None
Plantae,Chlorophyta,Chlorophyceae,Didymocystis,Didymocystis inconspicua,Green Algae,Pseudodidymocystis inconspicua
Plantae,Chlorophyta,Chlorophyceae,Didymocystis,Didymocystis sp.,Green Algae,None
Plantae,Chlorophyta,Chlorophyceae,Didymogenes,Didymogenes anomala,Green Algae,None
Chromista,Ochrophyta,Bacillariophyceae,Didymosphenia,Didymosphenia geminata,Pennate Diatoms,None
Chromista,Ochrophyta,Bacillariophyceae,Didymosphenia,Didymosphenia sp,Pennate Diatoms,None
Plantae,Chlorophyta,Chlorophyceae,Dimorphococcus,Dimorphococcus lunatus,Green Algae,None
Chromista,Ochrophyta,Chrysophyceae,Dinobryon,Dinobryon divergens,Chrysophytes,None
Chromista,Ochrophyta,Chrysophyceae,Dinobryon,Dinobryon sertularia,Chrysophytes,None
Chromista,Ochrophyta,Chrysophyceae,Dinobryon,Dinobryon sp.,Chrysophytes,None
Protozoa,Dinozoa,Dinophyceae,Dinophysis,Dinophysis acuta,Dinoflagellates,None
Protozoa,Dinozoa,Dinophyceae,Dinophysis,Dinophysis sp.,Dinoflagellates,None
Chromista,Ochrophyta,Bacillariophyceae,Diploneis,Diploneis bombus,Pennate Diatoms,None
Chromista,Ochrophyta,Bacillariophyceae,Diploneis,Diploneis didyma,Pennate Diatoms,None
Chromista,Ochrophyta,Bacillariophyceae,Diploneis,Diploneis elliptica,Pennate Diatoms,None
Chromista,Ochrophyta,Bacillariophyceae,Diploneis,Diploneis finnica,Pennate Diatoms,None
Chromista,Ochrophyta,Bacillariophyceae,Diploneis,Diploneis ovalis,Pennate Diatoms,None
Chromista,Ochrophyta,Bacillariophyceae,Diploneis,Diploneis smithii,Pennate Diatoms,None
Chromista,Ochrophyta,Bacillariophyceae,Diploneis,Diploneis sp.,Pennate Diatoms,None
Chromista,Ochrophyta,Bacillariophyceae,Diploneis,Diploneis spp.,Pennate Diatoms,None
Plantae,Chlorophyta,Chlorophyceae,Dispora,Dispora crucigenioides,Green Algae,None
Plantae,Chlorophyta,Chlorophyceae,Dispora,Dispora sp.,Green Algae,None
Protozoa,Dinozoa,Dinophyceae,Dissodinium,Dissodinium sp.,Dinoflagellates,Pyrocystis sp.
Chromista,Ochrophyta,Coscinodiscophyceae,Ditylum,Ditylum brightwellii,Centric Diatoms,None
Chromista,Ochrophyta,Coscinodiscophyceae,Ditylum,Ditylum sp.,Centric Diatoms,None
Bacteria,Cyanobacteria,Cyanophyceae,Dolichospermum,Dolichospermum planctonicum,Cyanobacteria,None
Bacteria,Cyanobacteria,Cyanophyceae,Dolichospermum,Dolichospermum smithii,Cyanobacteria,None
Bacteria,Cyanobacteria,Cyanophyceae,Dolichospermum,Dolichospermum sp.,Cyanobacteria,None
Plantae,Chlorophyta,Chlorophyceae,Drepanochloris,Drepanochloris nannoselene,Green Algae,None
Plantae,Chlorophyta,Chlorophyceae,Dunaliella,Dunaliella sp.,Green Algae,None
Plantae,Chlorophyta,Chlorophyceae,Elakatothrix,Elakatothrix acuta,Green Algae,None
Plantae,Chlorophyta,Ulvophyceae,Elakatothrix,Elakatothrix gelatinosa,Green Algae,None
Plantae,Chlorophyta,Ulvophyceae,Elakatothrix,Elakatothrix sp.,Green Algae,None
Plantae,Chlorophyta,Ulvophyceae,Elakatothrix,Elakatothrix viridis,Green Algae,Fusola viridis
Chromista,Ochrophyta,Bacillariophyceae,Encyonema,Encyonema minutum,Pennate Diatoms,None
Chromista,Ochrophyta,Bacillariophyceae,Encyonema,Encyonema silesiacum,Pennate Diatoms,None
Chromista,Ochrophyta,Bacillariophyceae,Encyonema,Encyonema sp.,Pennate Diatoms,None
Chromista,Ochrophyta,Bacillariophyceae,Encyonopsis,Encyonopsis microcephala,Pennate Diatoms,None
Chromista,Ochrophyta,Bacillariophyceae,Encyonopsis,Encyonopsis sp.,Pennate Diatoms,None
Chromista,Ochrophyta,Bacillariophyceae,Entomoneis,Entomoneis paludosa,Pennate Diatoms,None
Chromista,Ochrophyta,Bacillariophyceae,Entomoneis,Entomoneis pulchra,Pennate Diatoms,None
Chromista,Ochrophyta,Bacillariophyceae,Entomoneis,Entomoneis sp.,Pennate Diatoms,None
Chromista,Ochrophyta,Bacillariophyceae,Epithemia,Epithemia adnata,Pennate Diatoms,None
Chromista,Ochrophyta,Bacillariophyceae,Epithemia,Epithemia sorex,Pennate Diatoms,None
Chromista,Ochrophyta,Bacillariophyceae,Epithemia,Epithemia sp.,Pennate Diatoms,None
Chromista,Ochrophyta,Bacillariophyceae,Epithemia,Epithemia turgida,Pennate Diatoms,None
Chromista,Ochrophyta,Bacillariophyceae,Epithemia,Epithemia zebra,Pennate Diatoms,Epithemia adnata
Chromista,Ochrophyta,Coscinodiscophyceae,Eucampia,Eucampia sp.,Centric Diatoms,None
Chromista,Ochrophyta,Coscinodiscophyceae,Eucampia,Eucampia zoodiacus,Centric Diatoms,None
Bacteria,Cyanobacteria,Cyanophyceae,Eucapsis,Eucapsis microscopica,Cyanobacteria,None
Bacteria,Cyanobacteria,Cyanophyceae,Eucapsis,Eucapsis sp.,Cyanobacteria,None
Plantae,Chlorophyta,Chlorophyceae,Eudorina,Eudorina elegans,Green Algae,None
Plantae,Chlorophyta,Chlorophyceae,Eudorina,Eudorina sp.,Green Algae,None
Protozoa,Euglenozoa,Euglenophyceae,Euglena,Euglena deses,Euglenoids,None
Protozoa,Euglenozoa,Euglenophyceae,Euglena,Euglena elastica,Euglenoids,None
Protozoa,Euglenozoa,Euglenophyceae,Euglena,Euglena gracilis,Euglenoids,None
Protozoa,Euglenozoa,Euglenophyceae,Euglena,Euglena sp.,Euglenoids,None
Protozoa,Euglenozoa,Euglenophyceae,Euglena,Euglena viridis,Euglenoids,None
Chromista,Ochrophyta,Bacillariophyceae,Eunotia,Eunotia formica,Pennate Diatoms,None
Chromista,Ochrophyta,Bacillariophyceae,Eunotia,Eunotia pectinalis,Pennate Diatoms,None
Chromista,Ochrophyta,Bacillariophyceae,Eunotia,Eunotia perpusilla,Pennate Diatoms,None
Chromista,Ochrophyta,Bacillariophyceae,Eunotia,Eunotia sp.,Pennate Diatoms,None
Chromista,Ochrophyta,Coscinodiscophyceae,Eunotogramma,Eunotogramma dubium,Centric Diatoms,None
Protozoa,Euglenozoa,Euglenophyceae,Eutreptia,Eutreptia lanowii,Euglenoids,None
Protozoa,Euglenozoa,Euglenophyceae,Eutreptia,Eutreptia sp.,Euglenoids,None
Protozoa,Euglenozoa,Euglenophyceae,Eutreptiella,Eutreptiella gymnastica,Euglenoids,None
Protozoa,Euglenozoa,Euglenophyceae,Eutreptiella,Eutreptiella sp.,Euglenoids,None
Chromista,Ochrophyta,Bacillariophyceae,Fallacia,Fallacia hodgeana,Pennate Diatoms,None
Chromista,Ochrophyta,Bacillariophyceae,Fallacia,Fallacia pygmaea,Pennate Diatoms,None
Chromista,Ochrophyta,Fragilariophyceae,Fragilaria,Fragilaria arcus,Pennate Diatoms,Hannaea arcus
Chromista,Ochrophyta,Fragilariophyceae,Fragilaria,Fragilaria brevistriata,Pennate Diatoms,Pseudostaurosira brevistriata
Chromista,Ochrophyta,Fragilariophyceae,Fragilaria,Fragilaria capucina,Pennate Diatoms,None
Chromista,Ochrophyta,Fragilariophyceae,Fragilaria,Fragilaria construens,Pennate Diatoms,Staurosira construens
Chromista,Ochrophyta,Fragilariophyceae,Fragilaria,Fragilaria crotonensis,Pennate Diatoms,None
Chromista,Ochrophyta,Fragilariophyceae,Fragilaria,Fragilaria delicatissima,Pennate Diatoms,Ulnaria delicatissima
Chromista,Ochrophyta,Fragilariophyceae,Fragilaria,Fragilaria leptostauron,Pennate Diatoms,Staurosira leptostauron
Chromista,Ochrophyta,Fragilariophyceae,Fragilaria,Fragilaria pinnata,Pennate Diatoms,Staurosirella pinnata
Chromista,Ochrophyta,Fragilariophyceae,Fragilaria,Fragilaria sp.,Pennate Diatoms,None
Chromista,Ochrophyta,Fragilariophyceae,Fragilaria,Fragilaria ulna,Pennate Diatoms,Ulnaria ulna
Chromista,Ochrophyta,Fragilariophyceae,Fragilaria,Fragilaria vaucheriae,Pennate Diatoms,None
Chromista,Ochrophyta,Fragilariophyceae,Fragilaria,Fragilaria recapitellata,Pennate Diatoms,None
Chromista,Ochrophyta,Fragilariophyceae,Fragilariforma,Fragilariforma sp.,Pennate Diatoms,None
Chromista,Ochrophyta,Bacillariophyceae,Fragilariopsis,Fragilariopsis kerguelensis,Pennate Diatoms,None
Plantae,Chlorophyta,Chlorophyceae,Franceia,Franceia droescheri,Green Algae,None
Plantae,Chlorophyta,Chlorophyceae,Franceia,Franceia ovalis,Green Algae,None
Plantae,Chlorophyta,Chlorophyceae,Franceia,Franceia sp.,Green Algae,None
Chromista,Ochrophyta,Bacillariophyceae,Frustulia,Frustulia rhomboides,Pennate Diatoms,None
Chromista,Ochrophyta,Bacillariophyceae,Frustulia,Frustulia sp.,Pennate Diatoms,None
Chromista,Ochrophyta,Bacillariophyceae,Frustulia,Frustulia vulgaris,Pennate Diatoms,None
Chromista,Ochrophyta,Bacillariophyceae,Geissleria,Geissleria decussis,Pennate Diatoms,Navigeia decussis
Chromista,Ochrophyta,Bacillariophyceae,Geissleria,Geissleria sp.,Pennate Diatoms,None
Bacteria,Cyanobacteria,Cyanophyceae,Geitlerinema,Geitlerinema sp.,Cyanobacteria,None
Bacteria,Cyanobacteria,Cyanophyceae,Geitlerinema,Geitlerinema splendidum,Cyanobacteria,None
Protozoa,Dinozoa,Dinophyceae,Glenodinium,Glenodinium borgei,Dinoflagellates,Peridiniopsis borgei
Protozoa,Dinozoa,Dinophyceae,Glenodinium,Glenodinium quadridens,Dinoflagellates,Peridiniopsis quadridens
Protozoa,Dinozoa,Dinophyceae,Glenodinium,Glenodinium sp.,Dinoflagellates,None
Bacteria,Cyanobacteria,Cyanophyceae,Gloeocapsa,Gloeocapsa sp.,Cyanobacteria,None
Plantae,Chlorophyta,Chlorophyceae,Gloeocystis,Gloeocystis major,Green Algae,None
Plantae,Chlorophyta,Chlorophyceae,Gloeocystis,Gloeocystis planctonica,Green Algae,Chlamydocapsa planctonica
Plantae,Chlorophyta,Chlorophyceae,Gloeocystis,Gloeocystis sp.,Green Algae,None
Plantae,Chlorophyta,Chlorophyceae,Gloeocystis,Gloeocystis vesiculosa,Green Algae,None
Bacteria,Cyanobacteria,Cyanophyceae,Gloeothece,Gloeothece linearis,Cyanobacteria,Gloeobacter violaceus
Bacteria,Cyanobacteria,Cyanophyceae,Gloeothece,Gloeothece sp.,Cyanobacteria,None
Plantae,Chlorophyta,Ulvophyceae,Gloeotila,Gloeotila sp.,Green Algae,None
Bacteria,Cyanobacteria,Cyanophyceae,Gloeotrichia,Gloeotrichia echinulata,Cyanobacteria,None
Plantae,Chlorophyta,Chlorophyceae,Golenkinia,Golenkinia radiata,Green Algae,None
Plantae,Chlorophyta,Chlorophyceae,Golenkinia,Golenkinia sp.,Green Algae,None
Chromista,Ochrophyta,Bacillariophyceae,Gomphoneis,Gomphoneis minuta,Pennate Diatoms,None
Chromista,Ochrophyta,Bacillariophyceae,Gomphoneis,Gomphoneis sp.,Pennate Diatoms,None
Chromista,Ochrophyta,Bacillariophyceae,Gomphonema,Gomphonema angustatum,Pennate Diatoms,None
Chromista,Ochrophyta,Bacillariophyceae,Gomphonema,Gomphonema constrictum,Pennate Diatoms,None
Chromista,Ochrophyta,Bacillariophyceae,Gomphonema,Gomphonema herculeanum,Pennate Diatoms,Gomphoneis herculeana
Chromista,Ochrophyta,Bacillariophyceae,Gomphoneis,Gomphoneis herculeana,Pennate Diatoms,None
Chromista,Ochrophyta,Bacillariophyceae,Gomphonema,Gomphonema lowei,Pennate Diatoms,None
Chromista,Ochrophyta,Bacillariophyceae,Gomphonema,Gomphonema mexicanum,Pennate Diatoms,Gomphonema subclavatum var. mexicanum
Chromista,Ochrophyta,Bacillariophyceae,Gomphonema,Gomphonema olivaceum,Pennate Diatoms,None
Chromista,Ochrophyta,Bacillariophyceae,Gomphonema,Gomphonema parvulum,Pennate Diatoms,None
Chromista,Ochrophyta,Bacillariophyceae,Gomphonema,Gomphonema sp.,Pennate Diatoms,None
Bacteria,Cyanobacteria,Cyanophyceae,Gomphosphaeria,Gomphosphaeria aponina,Cyanobacteria,None
Bacteria,Cyanobacteria,Cyanophyceae,Gomphosphaeria,Gomphosphaeria pallidum,Cyanobacteria,None
Bacteria,Cyanobacteria,Cyanophyceae,Gomphosphaeria,Gomphosphaeria sp.,Cyanobacteria,None
Chromista,Ochrophyta,Xanthophyceae,Goniochloris,Goniochloris fallax,Xanthophytes,None
Chromista,Ochrophyta,Xanthophyceae,Goniochloris,Goniochloris mutica,Xanthophytes,None
Chromista,Ochrophyta,Xanthophyceae,Goniochloris,Goniochloris sp.,Xanthophytes,None
Plantae,Chlorophyta,Chlorophyceae,Gonium,Gonium pectorale,Green Algae,None
Plantae,Chlorophyta,Chlorophyceae,Gonium,Gonium sociale,Green Algae,Tetrabaena socialis
Plantae,Chlorophyta,Chlorophyceae,Tetrabaena,Tetrabaena socialis,Green Algae,None
Plantae,Chlorophyta,Chlorophyceae,Gonium,Gonium sp.,Green Algae,None
Protozoa,Dinozoa,Dinophyceae,Gonyaulax,Gonyaulax digitale,Dinoflagellates,None
Protozoa,Dinozoa,Dinophyceae,Gonyaulax,Gonyaulax sp.,Dinoflagellates,None
Chromista,Ochrophyta,Raphidophyceae,Gonyostomum,Gonyostomum sp.,Raphidophytes,None
Chromista,Ochrophyta,Coscinodiscophyceae,Guinardia,Guinardia sp.,Centric Diatoms,None
Chromista,Ochrophyta,Coscinodiscophyceae,Guinardia,Guinardia striata,Centric Diatoms,None
Protozoa,Dinozoa,Dinophyceae,Gymnodinium,Gymnodinium discoidale,Dinoflagellates,None
Protozoa,Dinozoa,Dinophyceae,Gymnodinium,Gymnodinium gracilentum,Dinoflagellates,None
Protozoa,Dinozoa,Dinophyceae,Gymnodinium,Gymnodinium saginatum,Dinoflagellates,None
Protozoa,Dinozoa,Dinophyceae,Gymnodinium,Gymnodinium sp.,Dinoflagellates,None
Protozoa,Dinozoa,Dinophyceae,Gyrodinium,Gyrodinium sp.,Dinoflagellates,None
Chromista,Ochrophyta,Bacillariophyceae,Gyrosigma,Gyrosigma acuminatum,Pennate Diatoms,None
Chromista,Ochrophyta,Bacillariophyceae,Gyrosigma,Gyrosigma fasciola,Pennate Diatoms,None
Chromista,Ochrophyta,Bacillariophyceae,Gyrosigma,Gyrosigma macrum,Pennate Diatoms,None
Chromista,Ochrophyta,Bacillariophyceae,Gyrosigma,Gyrosigma scalproides,Pennate Diatoms,None
Chromista,Ochrophyta,Bacillariophyceae,Gyrosigma,Gyrosigma sp.,Pennate Diatoms,None
Plantae,Chlorophyta,Chlorophyceae,Haematococcus,Haematococcus pluvialis,Green Algae,Haematococcus lacustris
Chromista,Ochrophyta,Bacillariophyceae,Halamphora,Halamphora sp.,Pennate Diatoms,None
Chromista,Ochrophyta,Fragilariophyceae,Hannaea,Hannaea sp.,Pennate Diatoms,None
Chromista,Ochrophyta,Bacillariophyceae,Hantzschia,Hantzschia amphioxys,Pennate Diatoms,None
Chromista,Ochrophyta,Bacillariophyceae,Hantzschia,Hantzschia sp.,Pennate Diatoms,None
Chromista,Ochrophyta,Bacillariophyceae,Hantzschia,Hantzschia virgata,Pennate Diatoms,None
Bacteria,Cyanobacteria,Cyanophyceae,Hapalosiphon,Hapalosiphon hibernicus,Cyanobacteria,None
Chromista,Ochrophyta,Coscinodiscophyceae,Hemiaulus,Hemiaulus sp.,Centric Diatoms,None
Protozoa,Dinozoa,Dinophyceae,Hemidinium,Hemidinium sp.,Dinoflagellates,None
Chromista,Cryptophyta,Cryptophyceae,Hemiselmis,Hemiselmis rufescens,Cryptophytes,None
Chromista,Cryptophyta,Cryptophyceae,Hemiselmis,Hemiselmis sp.,Cryptophytes,None
Protozoa,Dinozoa,Dinophyceae,Heterocapsa,Heterocapsa rotundata,Dinoflagellates,None
Protozoa,Dinozoa,Dinophyceae,Heterocapsa,Heterocapsa sp.,Dinoflagellates,None
Protozoa,Dinozoa,Dinophyceae,Heterocapsa,Heterocapsa triquetra,Dinoflagellates,Kryptoperidinium triquetrum
Chromista,Ochrophyta,Raphidophyceae,Heterosigma,Heterosigma sp.,Raphidophytes,None
Chromista,Cryptophyta,Cryptophyceae,Hillea,Hillea fusiformis,Cryptophytes,None
Chromista,Cryptophyta,Cryptophyceae,Hillea,Hillea marina,Cryptophytes,None
Chromista,Cryptophyta,Cryptophyceae,Hillea,Hillea sp.,Cryptophytes,None
Chromista,Ochrophyta,Bacillariophyceae,Hippodonta,Hippodonta capitata,Pennate Diatoms,None
Chromista,Ochrophyta,Bacillariophyceae,Hippodonta,Hippodonta sp.,Pennate Diatoms,None
Bacteria,Cyanobacteria,Cyanophyceae,Homoeothrix,Homoeothrix janthina,Cyanobacteria,Tapinothrix janthina
Chromista,Ochrophyta,Coscinodiscophyceae,Hydrosera,Hydrosera sp.,Centric Diatoms,None
Chromista,Ochrophyta,Coscinodiscophyceae,Hydrosera,Hydrosera triquetra,Centric Diatoms,None
Chromista,Ochrophyta,Coscinodiscophyceae,Hydrosera,Hydrosera whampoensis,Centric Diatoms,None
Plantae,Chlorophyta,Chlorophyceae,Juranyiella,Juranyiella javorkae,Green Algae,None
Protozoa,Dinozoa,Dinophyceae,Karlodinium,Karlodinium sp.,Dinoflagellates,None
Protozoa,Dinozoa,Dinophyceae,Katodinium,Katodinium glaucum,Dinoflagellates,Lebouridinium glaucum
Protozoa,Dinozoa,Dinophyceae,Katodinium,Katodinium sp.,Dinoflagellates,None
Chromista,Ochrophyta,Chrysophyceae,Kephyrion,Kephyrion littorale,Chrysophytes,None
Chromista,Ochrophyta,Chrysophyceae,Kephyrion,Kephyrion rubri-claustri,Chrysophytes,None
Chromista,Ochrophyta,Chrysophyceae,Kephyrion,Kephyrion sp.,Chrysophytes,None
Plantae,Chlorophyta,Chlorophyceae,Keratococcus,Keratococcus bicaudatus,Green Algae,None
Plantae,Chlorophyta,Chlorophyceae,Keratococcus,Keratococcus sp.,Green Algae,None
Plantae,Chlorophyta,Chlorophyceae,Kirchneriella,Kirchneriella contorta,Green Algae,Raphidocelis contorta
Plantae,Chlorophyta,Chlorophyceae,Kirchneriella,Kirchneriella lunaris,Green Algae,None
Plantae,Chlorophyta,Chlorophyceae,Kirchneriella,Kirchneriella obesa,Green Algae,None
Plantae,Chlorophyta,Chlorophyceae,Kirchneriella,Kirchneriella sp.,Green Algae,None
Plantae,Chlorophyta,Chlorophyceae,Kirchneriella,Kirchneriella subsolitaria,Green Algae,Nephrochlamys subsolitaria
Plantae,Charophyta,Klebsormidiophyceae,Klebsormidium,Klebsormidium subtile,Green Algae,None
Chromista,Cryptophyta,Cryptophyceae,Komma,Komma caudata,Cryptophytes,None
Chromista,Cryptophyta,Cryptophyceae,Komma,Komma sp.,Cryptophytes,None
Plantae,Chlorophyta,Chlorophyceae,Lagerheimia,Lagerheimia chodatii,Green Algae,None
Plantae,Chlorophyta,Chlorophyceae,Lagerheimia,Lagerheimia genevensis,Green Algae,None
Plantae,Chlorophyta,Chlorophyceae,Lagerheimia,Lagerheimia sp.,Green Algae,None
Plantae,Chlorophyta,Chlorophyceae,Lauterborniella,Lauterborniella elegantissima,Green Algae,None
Plantae,Chlorophyta,Chlorophyceae,Lemmermannia,Lemmermannia triangularis,Green Algae,None
Chromista,Ochrophyta,Bacillariophyceae,Lemnicola,Lemnicola hungarica,Pennate Diatoms,None
Protozoa,Euglenozoa,Euglenophyceae,Lepocinclis,Lepocinclis acus,Euglenoids,None
Protozoa,Euglenozoa,Euglenophyceae,Lepocinclis,Lepocinclis sp.,Euglenoids,None
Chromista,Ochrophyta,Coscinodiscophyceae,Leptocylindrus,Leptocylindrus danicus,Centric Diatoms,None
Chromista,Ochrophyta,Coscinodiscophyceae,Leptocylindrus,Leptocylindrus sp.,Centric Diatoms,None
Bacteria,Cyanobacteria,Cyanophyceae,Leptolyngbya,Leptolyngbya foveolara,Cyanobacteria,None
Bacteria,Cyanobacteria,Cyanophyceae,Leptolyngbya,Leptolyngbya sp.,Cyanobacteria,None
Chromista,Cryptophycophyta incertae sedis,Cryptophycophyta incertae sedis,Leucocryptos,Leucocryptos marina,Kathablepharids,None
Chromista,Cryptophycophyta incertae sedis,Cryptophycophyta incertae sedis,Leucocryptos,Leucocryptos sp.,Kathablepharids,None
Chromista,Ochrophyta,Fragilariophyceae,Licmophora,Licmophora sp.,Pennate Diatoms,None
Bacteria,Cyanobacteria,Cyanophyceae,Limnothrix,Limnothrix redekei,Cyanobacteria,None
Bacteria,Cyanobacteria,Cyanophyceae,Limnothrix,Limnothrix sp.,Cyanobacteria,None
Unknown,Unknown,Unknown,Unknown,Little green algal balls,Unknown,Unknown
Chromista,Ochrophyta,Bacillariophyceae,Luticola,Luticola goeppertiana,Pennate Diatoms,None
Bacteria,Cyanobacteria,Cyanophyceae,Lyngbya,Lyngbya sp.,Cyanobacteria,None
Chromista,Ochrophyta,Synurophyceae,Mallomonas,Mallomonas sp.,Synurophytes,None
Bacteria,Cyanobacteria,Cyanophyceae,Marssoniella,Marssoniella elegans,Cyanobacteria,None
Bacteria,Cyanobacteria,Cyanophyceae,Marssoniella,Marssoniella sp.,Cyanobacteria,None
Chromista,Ochrophyta,Fragilariophyceae,Martyana,Martyana martyi,Pennate Diatoms,Staurosirella martyi
Protozoa,Dinozoa,Dinophyceae,Massartia,Massartia sp.,Dinoflagellates,Katodinium sp.
Chromista,Ochrophyta,Bacillariophyceae,Mastogloia,Mastogloia braunii,Pennate Diatoms,None
Chromista,Ochrophyta,Bacillariophyceae,Mastogloia,Mastogloia sp.,Pennate Diatoms,None
Chromista,Ochrophyta,Bacillariophyceae,Mayamaea,Mayamaea ingenua,Pennate Diatoms,None
Chromista,Ochrophyta,Coscinodiscophyceae,Melosira,Melosira binderana,Centric Diatoms,Stephanodiscus binderanus
Chromista,Ochrophyta,Coscinodiscophyceae,Melosira,Melosira distans,Centric Diatoms,Aulacoseira distans
Chromista,Ochrophyta,Coscinodiscophyceae,Melosira,Melosira granulata,Centric Diatoms,Aulacoseira granulata
Chromista,Ochrophyta,Coscinodiscophyceae,Melosira,Melosira herzogii,Centric Diatoms,Aulacoseira herzogii
Chromista,Ochrophyta,Coscinodiscophyceae,Melosira,Melosira islandica,Centric Diatoms,Aulacoseira islandica
Chromista,Ochrophyta,Coscinodiscophyceae,Melosira,Melosira italica,Centric Diatoms,Aulacoseira italica
Chromista,Ochrophyta,Coscinodiscophyceae,Melosira,Melosira lineata,Centric Diatoms,None
Chromista,Ochrophyta,Coscinodiscophyceae,Melosira,Melosira moniliformis,Centric Diatoms,None
Chromista,Ochrophyta,Coscinodiscophyceae,Melosira,Melosira sp.,Centric Diatoms,None
Chromista,Ochrophyta,Coscinodiscophyceae,Melosira,Melosira sp. 2,Centric Diatoms,None
Chromista,Ochrophyta,Coscinodiscophyceae,Melosira,Melosira sulcata,Centric Diatoms,Paralia sulcata
Chromista,Ochrophyta,Fragilariophyceae,Meridion,Meridion circulare,Pennate Diatoms,None
Chromista,Ochrophyta,Fragilariophyceae,Meridion,Meridion sp.,Pennate Diatoms,None
Bacteria,Cyanobacteria,Cyanophyceae,Merismopedia,Merismopedia sp.,Cyanobacteria,None
Bacteria,Cyanobacteria,Cyanophyceae,Merismopedia,Merismopedia tenuissima,Cyanobacteria,None
Bacteria,Cyanobacteria,Cyanophyceae,Merismopedia,Merismopedia warmingiana,Cyanobacteria,None
Protozoa,Ciliophora,Kinetofragminophora,Mesodinium,Mesodinium rubrum,Ciliates,Myrionecta rubra
Protozoa,Dinozoa,Dinophyceae,Mesoporos,Mesoporos perforatus,Dinoflagellates,None
Plantae,Chlorophyta,Chlorophyceae,Micractinium,Micractinium pusillum,Green Algae,None
Plantae,Chlorophyta,Chlorophyceae,Micractinium,Micractinium quadrisetum,Green Algae,None
Plantae,Chlorophyta,Chlorophyceae,Micractinium,Micractinium sp.,Green Algae,None
Bacteria,Cyanobacteria,Cyanophyceae,Microcystis,Microcystis aeruginosa,Cyanobacteria,None
Bacteria,Cyanobacteria,Cyanophyceae,Microcystis,Microcystis flosaquae,Cyanobacteria,None
Bacteria,Cyanobacteria,Cyanophyceae,Microcystis,Microcystis sp.,Cyanobacteria,None
Plantae,Chlorophyta,Chlorophyceae,Microspora,Microspora sp.,Green Algae,None
Protozoa,Euglenozoa,Euglenophyceae,Monomorphina,Monomorphina pyrum,Euglenoids,None
Protozoa,Euglenozoa,Euglenophyceae,Monomorphina,Monomorphina sp.,Euglenoids,None
Plantae,Chlorophyta,Chlorophyceae,Monoraphidium,Monoraphidium arcuatum,Green Algae,Ankistrodesmus arcuatus
Plantae,Chlorophyta,Chlorophyceae,Monoraphidium,Monoraphidium contortum,Green Algae,None
Plantae,Chlorophyta,Chlorophyceae,Monoraphidium,Monoraphidium convolutum,Green Algae,None
Plantae,Chlorophyta,Chlorophyceae,Monoraphidium,Monoraphidium griffithii,Green Algae,None
Plantae,Chlorophyta,Chlorophyceae,Monoraphidium,Monoraphidium irregulare,Green Algae,None
Plantae,Chlorophyta,Chlorophyceae,Monoraphidium,Monoraphidium komarkovae,Green Algae,None
Plantae,Chlorophyta,Chlorophyceae,Monoraphidium,Monoraphidium minutum,Green Algae,None
Plantae,Chlorophyta,Chlorophyceae,Monoraphidium,Monoraphidium sp.,Green Algae,None
Plantae,Chlorophyta,Chlorophyceae,Monoraphidium,Monoraphidium tortile,Green Algae,None
Plantae,Chlorophyta,Ulvophyceae,Monostroma,Monostroma sp.,Green Algae,None
Plantae,Chlorophyta,Zygnematophyceae,Mougeotia,Mougeotia sp.,Green Algae,None
Plantae,Chlorophyta,Chlorophyceae,Mucidosphaerium,Mucidosphaerium sp.,Green Algae,None
Bacteria,Cyanobacteria,Cyanophyceae,Myxobaktron,Myxobaktron sp.,Cyanobacteria,None
Unknown,Unknown,Unknown flagellates,Unknown flagellates,Nanoflagellates,Unknown Flagellates,Unknown
Chromista,Ochrophyta,Bacillariophyceae,Navicula,Navicula amphiceropsis,Pennate Diatoms,None
Chromista,Ochrophyta,Bacillariophyceae,Navicula,Navicula antonii,Pennate Diatoms,None
Chromista,Ochrophyta,Bacillariophyceae,Navicula,Navicula bacillum,Pennate Diatoms,Sellaphora bacillum
Chromista,Ochrophyta,Bacillariophyceae,Navicula,Navicula capitatoradiata,Pennate Diatoms,None
Chromista,Ochrophyta,Bacillariophyceae,Navicula,Navicula caroliniae,Pennate Diatoms,None
Chromista,Ochrophyta,Bacillariophyceae,Navicula,Navicula confervacea,Pennate Diatoms,Diadesmis confervacea
Chromista,Ochrophyta,Bacillariophyceae,Navicula,Navicula cryptocephala,Pennate Diatoms,None
Chromista,Ochrophyta,Bacillariophyceae,Navicula,Navicula cuspidata,Pennate Diatoms,Craticula cuspidata
Chromista,Ochrophyta,Bacillariophyceae,Navicula,Navicula erifuga,Pennate Diatoms,None
Chromista,Ochrophyta,Bacillariophyceae,Navicula,Navicula exigua,Pennate Diatoms,Placoneis exigua
Chromista,Ochrophyta,Bacillariophyceae,Navicula,Navicula gregaria,Pennate Diatoms,None
Chromista,Ochrophyta,Bacillariophyceae,Navicula,Navicula hungarica,Pennate Diatoms,Hippodonta hungarica
Chromista,Ochrophyta,Bacillariophyceae,Navicula,Navicula lanceolata,Pennate Diatoms,None
Chromista,Ochrophyta,Bacillariophyceae,Navicula,Navicula pupula,Pennate Diatoms,Sellaphora pupula
Chromista,Ochrophyta,Bacillariophyceae,Navicula,Navicula pygmaea,Pennate Diatoms,Fallacia pygmaea
Chromista,Ochrophyta,Bacillariophyceae,Navicula,Navicula radiosa,Pennate Diatoms,None
Chromista,Ochrophyta,Bacillariophyceae,Navicula,Navicula rostellata,Pennate Diatoms,None
Chromista,Ochrophyta,Bacillariophyceae,Navicula,Navicula sp.,Pennate Diatoms,None
Chromista,Ochrophyta,Bacillariophyceae,Navicula,Navicula spp.,Pennate Diatoms,None
Chromista,Ochrophyta,Bacillariophyceae,Navicula,Navicula tripunctata,Pennate Diatoms,None
Chromista,Ochrophyta,Bacillariophyceae,Navicula,Navicula trivialis,Pennate Diatoms,None
Chromista,Ochrophyta,Bacillariophyceae,Navicula,Navicula viridula,Pennate Diatoms,None
Chromista,Ochrophyta,Bacillariophyceae,Navicula,Navicula wildii,Pennate Diatoms,None
Chromista,Ochrophyta,Bacillariophyceae,Navigeia,Navigeia decussis,Pennate Diatoms,None
Chromista,Ochrophyta,Bacillariophyceae,Neidium,Neidium affine,Pennate Diatoms,None
Chromista,Ochrophyta,Bacillariophyceae,Neidium,Neidium apiculatum,Pennate Diatoms,None
Chromista,Ochrophyta,Bacillariophyceae,Neidium,Neidium bisulcatum,Pennate Diatoms,None
Chromista,Ochrophyta,Bacillariophyceae,Neidium,Neidium dubium,Pennate Diatoms,None
Chromista,Ochrophyta,Bacillariophyceae,Neidium,Neidium sp.,Pennate Diatoms,None
Plantae,Chlorophyta,Chlorophyceae,Nephrocytium,Nephrocytium agardhianum,Green Algae,None
Plantae,Chlorophyta,Chlorophyceae,Nephrocytium,Nephrocytium sp.,Green Algae,None
Chromista,Ochrophyta,Bacillariophyceae,Nitzschia,Nitzschia acicularis,Pennate Diatoms,None
Chromista,Ochrophyta,Bacillariophyceae,Nitzschia,Nitzschia amphibia,Pennate Diatoms,None
Chromista,Ochrophyta,Bacillariophyceae,Nitzschia,Nitzschia angustata,Pennate Diatoms,Tryblionella angustata
Chromista,Ochrophyta,Bacillariophyceae,Nitzschia,Nitzschia apiculata,Pennate Diatoms,Tryblionella apiculata
Chromista,Ochrophyta,Bacillariophyceae,Nitzschia,Nitzschia brevissima,Pennate Diatoms,None
Chromista,Ochrophyta,Bacillariophyceae,Nitzschia,Nitzschia capitellata,Pennate Diatoms,None
Chromista,Ochrophyta,Bacillariophyceae,Nitzschia,Nitzschia clausii,Pennate Diatoms,None
Chromista,Ochrophyta,Bacillariophyceae,Nitzschia,Nitzschia columbiana,Pennate Diatoms,None
Chromista,Ochrophyta,Bacillariophyceae,Nitzschia,Nitzschia denticula,Pennate Diatoms,None
Chromista,Ochrophyta,Bacillariophyceae,Nitzschia,Nitzschia desertorum,Pennate Diatoms,None
Chromista,Ochrophyta,Bacillariophyceae,Nitzschia,Nitzschia dissipata,Pennate Diatoms,None
Chromista,Ochrophyta,Bacillariophyceae,Nitzschia,Nitzschia filiformis,Pennate Diatoms,None
Chromista,Ochrophyta,Bacillariophyceae,Nitzschia,Nitzschia fonticola,Pennate Diatoms,None
Chromista,Ochrophyta,Bacillariophyceae,Nitzschia,Nitzschia frustulum,Pennate Diatoms,None
Chromista,Ochrophyta,Bacillariophyceae,Nitzschia,Nitzschia fruticosa,Pennate Diatoms,None
Chromista,Ochrophyta,Bacillariophyceae,Nitzschia,Nitzschia gracilis,Pennate Diatoms,None
Chromista,Ochrophyta,Bacillariophyceae,Nitzschia,Nitzschia incerta,Pennate Diatoms,None
Chromista,Ochrophyta,Bacillariophyceae,Nitzschia,Nitzschia incognita,Pennate Diatoms,None
Chromista,Ochrophyta,Bacillariophyceae,Nitzschia,Nitzschia inconspicua,Pennate Diatoms,None
Chromista,Ochrophyta,Bacillariophyceae,Nitzschia,Nitzschia lacunarum,Pennate Diatoms,None
Chromista,Ochrophyta,Bacillariophyceae,Nitzschia,Nitzschia liebetruthii,Pennate Diatoms,None
Chromista,Ochrophyta,Bacillariophyceae,Nitzschia,Nitzschia ligowski,Pennate Diatoms,None
Chromista,Ochrophyta,Bacillariophyceae,Nitzschia,Nitzschia linearis,Pennate Diatoms,None
Chromista,Ochrophyta,Bacillariophyceae,Nitzschia,Nitzschia longissima,Pennate Diatoms,None
Chromista,Ochrophyta,Bacillariophyceae,Nitzschia,Nitzschia lorenziana,Pennate Diatoms,Nitzschia incurva var. lorenziana
Chromista,Ochrophyta,Bacillariophyceae,Nitzschia,Nitzschia palea,Pennate Diatoms,None
Chromista,Ochrophyta,Bacillariophyceae,Nitzschia,Nitzschia parvula,Pennate Diatoms,Nitzschia brevissima
Chromista,Ochrophyta,Bacillariophyceae,Nitzschia,Nitzschia pura,Pennate Diatoms,None
Chromista,Ochrophyta,Bacillariophyceae,Nitzschia,Nitzschia recta,Pennate Diatoms,None
Chromista,Ochrophyta,Bacillariophyceae,Nitzschia,Nitzschia reversa,Pennate Diatoms,None
Chromista,Ochrophyta,Bacillariophyceae,Nitzschia,Nitzschia sigma,Pennate Diatoms,None
Chromista,Ochrophyta,Bacillariophyceae,Nitzschia,Nitzschia sigmoidea,Pennate Diatoms,None
Chromista,Ochrophyta,Bacillariophyceae,Nitzschia,Nitzschia sinuata,Pennate Diatoms,None
Chromista,Ochrophyta,Bacillariophyceae,Nitzschia,Nitzschia sociabilis,Pennate Diatoms,None
Chromista,Ochrophyta,Bacillariophyceae,Nitzschia,Nitzschia soratensis,Pennate Diatoms,None
Chromista,Ochrophyta,Bacillariophyceae,Nitzschia,Nitzschia sp.,Pennate Diatoms,None
Chromista,Ochrophyta,Bacillariophyceae,Nitzschia,Nitzschia tryblionella,Pennate Diatoms,Tryblionella hantzschiana
Chromista,Ochrophyta,Bacillariophyceae,Nitzschia,Nitzschia tubicola,Pennate Diatoms,None
Chromista,Ochrophyta,Bacillariophyceae,Nitzschia,Nitzschia vermicularis,Pennate Diatoms,None
Bacteria,Cyanobacteria,Cyanophyceae,Nostoc,Nostoc sp.,Cyanobacteria,None
Chromista,Ochrophyta,Chrysophyceae,Ochromonas,Ochromonas sp.,Chrysophytes,None
Chromista,Ochrophyta,Coscinodiscophyceae,Odontella,Odontella aurita,Centric Diatoms,None
Chromista,Ochrophyta,Coscinodiscophyceae,Odontella,Odontella rhombus,Centric Diatoms,Zygoceros ehrenbergii
Chromista,Ochrophyta,Coscinodiscophyceae,Odontella,Odontella sp.,Centric Diatoms,None
Chromista,Ochrophyta,Fragilariophyceae,Odontidium,Odontidium mesodon,Pennate Diatoms,None
Plantae,Chlorophyta,Chlorophyceae,Oedogonium,Oedogonium sp.,Green Algae,None
Chromista,Ochrophyta,Bacillariophyceae,Oestrupia,Oestrupia sp.,Pennate Diatoms,None
Plantae,Chlorophyta,Chlorophyceae,Oocystis,Oocystis borgei,Green Algae,None
Plantae,Chlorophyta,Chlorophyceae,Oocystis,Oocystis lacustris,Green Algae,None
Plantae,Chlorophyta,Chlorophyceae,Oocystis,Oocystis marssonii,Green Algae,None
Plantae,Chlorophyta,Chlorophyceae,Oocystis,Oocystis naegelii,Green Algae,None
Plantae,Chlorophyta,Chlorophyceae,Oocystis,Oocystis pusilla,Green Algae,None
Plantae,Chlorophyta,Chlorophyceae,Oocystis,Oocystis sp.,Green Algae,None
Plantae,Chlorophyta,Chlorophyceae,Oocystis,Oocystis submarina,Green Algae,None
Chromista,Ochrophyta,Fragilariophyceae,Opephora,Opephora martyi,Pennate Diatoms,Staurosirella martyi
Chromista,Ochrophyta,Fragilariophyceae,Opephora,Opephora sp.,Pennate Diatoms,None
Chromista,Ochrophyta,Xanthophyceae,Ophiocytium,Ophiocytium parvulum,Xanthophytes,None
Chromista,Ochrophyta,Xanthophyceae,Ophiocytium,Ophiocytium sp.,Xanthophytes,None
Protozoa,Dinozoa,Dinophyceae,Ornithocercus,Ornithocercus sp.,Dinoflagellates,None
Bacteria,Cyanobacteria,Cyanophyceae,Oscillatoria,Oscillatoria acutissima,Cyanobacteria,Anagnostidinema acutissimum
Bacteria,Cyanobacteria,Cyanophyceae,Oscillatoria,Oscillatoria limosa,Cyanobacteria,None
Bacteria,Cyanobacteria,Cyanophyceae,Oscillatoria,Oscillatoria rupicola,Cyanobacteria,Phormidium rupicola
Bacteria,Cyanobacteria,Cyanophyceae,Oscillatoria,Oscillatoria sp.,Cyanobacteria,None
Bacteria,Cyanobacteria,Cyanophyceae,Oscillatoria,Oscillatoria tenuis,Cyanobacteria,None
Protozoa,Dinozoa,Dinophyceae,Oxyphysis,Oxyphysis oxytoxoides,Dinoflagellates,Phalacroma oxytoxoides
Protozoa,Dinozoa,Dinophyceae,Oxyphysis,Oxyphysis sp.,Dinoflagellates,Phalacroma sp.
Plantae,Chlorophyta,Chlorophyceae,Palmella,Palmella sp.,Green Algae,None
Plantae,Chlorophyta,Chlorophyceae,Pandorina,Pandorina morum,Green Algae,None
Plantae,Chlorophyta,Chlorophyceae,Pandorina,Pandorina sp.,Green Algae,None
Chromista,Ochrophyta,Coscinodiscophyceae,Paralia,Paralia sp.,Centric Diatoms,None
Chromista,Ochrophyta,Coscinodiscophyceae,Paralia,Paralia sulcata,Centric Diatoms,None
Plantae,Chlorophyta,Chlorophyceae,Pediastrum,Pediastrum boryanum,Green Algae,Pseudopediastrum boryanum
Plantae,Chlorophyta,Chlorophyceae,Pediastrum,Pediastrum duplex,Green Algae,None
Plantae,Chlorophyta,Chlorophyceae,Pediastrum,Pediastrum obtusum,Green Algae,None
Plantae,Chlorophyta,Chlorophyceae,Pediastrum,Pediastrum simplex,Green Algae,Monactinus simplex
Plantae,Chlorophyta,Chlorophyceae,Pediastrum,Pediastrum sp.,Green Algae,None
Plantae,Chlorophyta,Chlorophyceae,Pediastrum,Pediastrum tetras,Green Algae,Stauridium tetras
Chromista,Ochrophyta,Dictyochophyceae,Pedinella,Pedinella hexacostata,Silicoflagellates,None
Protozoa,Dinozoa,Dinophyceae,Peridiniopsis,Peridiniopsis cunningtonii,Dinoflagellates,None
Protozoa,Dinozoa,Dinophyceae,Peridiniopsis,Peridiniopsis sp.,Dinoflagellates,None
Protozoa,Dinozoa,Dinophyceae,Peridinium,Peridinium cinctum,Dinoflagellates,None
Protozoa,Dinozoa,Dinophyceae,Peridinium,Peridinium inconspicuum,Dinoflagellates,Parvodinium inconspicuum
Protozoa,Dinozoa,Dinophyceae,Peridinium,Peridinium limbatum,Dinoflagellates,None
Protozoa,Dinozoa,Dinophyceae,Peridinium,Peridinium lomnickii,Dinoflagellates,Chimonodinium lomnickii
Protozoa,Dinozoa,Dinophyceae,Peridinium,Peridinium sp.,Dinoflagellates,None
Protozoa,Dinozoa,Dinophyceae,Peridinium,Peridinium willei,Dinoflagellates,None
Plantae,Chlorophyta,Chlorophyceae,Phacotus,Phacotus lenticularis,Green Algae,None
Plantae,Chlorophyta,Chlorophyceae,Phacotus,Phacotus sp.,Green Algae,None
Protozoa,Euglenozoa,Euglenophyceae,Phacus,Phacus caudatus,Euglenoids,None
Protozoa,Euglenozoa,Euglenophyceae,Phacus,Phacus nordstedtii,Euglenoids,Monomorphina nordstedtii
Protozoa,Euglenozoa,Euglenophyceae,Phacus,Phacus parvulus,Euglenoids,None
Protozoa,Euglenozoa,Euglenophyceae,Phacus,Phacus sp.,Euglenoids,None
Protozoa,Euglenozoa,Euglenophyceae,Phacus,Phacus tortus,Euglenoids,None
Chromista,Haptophyta,Prymnesiophyceae,Phaeocystis,Phaeocystis globosa,Haptophytes,None
Bacteria,Cyanobacteria,Cyanophyceae,Phormidium,Phormidium foveolarum,Cyanobacteria,Leptolyngbya foveolara
Bacteria,Cyanobacteria,Cyanophyceae,Phormidium,Phormidium insigne,Cyanobacteria,None
Bacteria,Cyanobacteria,Cyanophyceae,Phormidium,Phormidium interruptum,Cyanobacteria,None
Bacteria,Cyanobacteria,Cyanophyceae,Phormidium,Phormidium retzii,Cyanobacteria,None
Bacteria,Cyanobacteria,Cyanophyceae,Phormidium,Phormidium sp.,Cyanobacteria,None
Plantae,Chlorophyta,Chlorophyceae,Phytoconis,Phytoconis sp.,Green Algae,None
Chromista,Ochrophyta,Bacillariophyceae,Pinnularia,Pinnularia sp.,Pennate Diatoms,None
Chromista,Ochrophyta,Bacillariophyceae,Pinnularia,Pinnularia sudetica,Pennate Diatoms,None
Chromista,Cryptophyta,Cryptophyceae,Plagioselmis,Plagioselmis lacustris,Cryptophytes,None
Chromista,Cryptophyta,Cryptophyceae,Plagioselmis,Plagioselmis nannoplanctica,Cryptophytes,None
Chromista,Cryptophyta,Cryptophyceae,Plagioselmis,Plagioselmis prolonga,Cryptophytes,Teleaulax amphioxeia
Chromista,Cryptophyta,Cryptophyceae,Plagioselmis,Plagioselmis sp.,Cryptophytes,None
Chromista,Ochrophyta,Bacillariophyceae,Plagiotropis,Plagiotropis lepidoptera,Pennate Diatoms,None
Bacteria,Cyanobacteria,Cyanophyceae,Planktolyngbya,Planktolyngbya limnetica,Cyanobacteria,None
Bacteria,Cyanobacteria,Cyanophyceae,Planktolyngbya,Planktolyngbya regularis,Cyanobacteria,None
Bacteria,Cyanobacteria,Cyanophyceae,Planktolyngbya,Planktolyngbya sp.,Cyanobacteria,None
Plantae,Chlorophyta,Chlorophyceae,Planktosphaeria,Planktosphaeria sp.,Green Algae,None
Bacteria,Cyanobacteria,Cyanophyceae,Planktothrix,Planktothrix agardhii,Cyanobacteria,None
Bacteria,Cyanobacteria,Cyanophyceae,Planktothrix,Planktothrix sp.,Cyanobacteria,None
Bacteria,Cyanobacteria,Cyanophyceae,Planktothrix,Planktothrix suspensa,Cyanobacteria,None
Chromista,Ochrophyta,Bacillariophyceae,Planothidium,Planothidium dubium,Pennate Diatoms,None
Chromista,Ochrophyta,Bacillariophyceae,Planothidium,Planothidium frequentissimum,Pennate Diatoms,None
Chromista,Ochrophyta,Bacillariophyceae,Planothidium,Planothidium joursacence,Pennate Diatoms,None
Chromista,Ochrophyta,Bacillariophyceae,Planothidium,Planothidium reichardtii,Pennate Diatoms,None
Chromista,Ochrophyta,Bacillariophyceae,Planothidium,Planothidium rostratoholarcticum,Pennate Diatoms,None
Chromista,Ochrophyta,Bacillariophyceae,Planothidium,Planothidium rostratum,Pennate Diatoms,None
Chromista,Ochrophyta,Bacillariophyceae,Planothidium,Planothidium sheathii,Pennate Diatoms,None
Chromista,Ochrophyta,Bacillariophyceae,Planothidium,Planothidium sp.,Pennate Diatoms,None
Chromista,Ochrophyta,Bacillariophyceae,Pleurosigma,Pleurosigma delicatulum,Pennate Diatoms,None
Chromista,Ochrophyta,Bacillariophyceae,Pleurosigma,Pleurosigma salinarum,Pennate Diatoms,None
Chromista,Ochrophyta,Bacillariophyceae,Pleurosigma,Pleurosigma sp.,Pennate Diatoms,None
Chromista,Ochrophyta,Coscinodiscophyceae,Pleurosira,Pleurosira laevis,Centric Diatoms,None
Plantae,Chlorophyta,Chlorophyceae,Polyedriopsis,Polyedriopsis sp.,Green Algae,None
Protozoa,Dinozoa,Dinophyceae,Prorocentrum,Prorocentrum gracile,Dinoflagellates,None
Protozoa,Dinozoa,Dinophyceae,Prorocentrum,Prorocentrum micans,Dinoflagellates,None
Protozoa,Dinozoa,Dinophyceae,Prorocentrum,Prorocentrum minimum,Dinoflagellates,Prorocentrum cordatum
Protozoa,Dinozoa,Dinophyceae,Prorocentrum,Prorocentrum sp.,Dinoflagellates,None
Protozoa,Dinozoa,Dinophyceae,Prorocentrum,Prorocentrum triestinum,Dinoflagellates,None
Plantae,Chlorophyta,Chlorophyceae,Protococcus,Protococcus viridis,Green Algae,Desmococcus olivaceus
Plantae,Chlorophyta,Chlorophyceae,Protoderma,Protoderma sp.,Green Algae,None
Protozoa,Dinozoa,Dinophyceae,Protoperidinium,Protoperidinium bipes,Dinoflagellates,None
Protozoa,Dinozoa,Dinophyceae,Protoperidinium,Protoperidinium pallidum,Dinoflagellates,None
Protozoa,Dinozoa,Dinophyceae,Protoperidinium,Protoperidinium pellucidum,Dinoflagellates,None
Protozoa,Dinozoa,Dinophyceae,Protoperidinium,Protoperidinium sp.,Dinoflagellates,None
Chromista,Haptophyta,Prymnesiophyceae,Prymnesium,Prymnesium sp.,Haptophytes,None
Chromista,Ochrophyta,Bacillariophyceae,Psammodictyon,Psammodictyon sp.,Pennate Diatoms,None
Bacteria,Cyanobacteria,Cyanophyceae,Pseudanabaena,Pseudanabaena arcuata,Cyanobacteria,None
Bacteria,Cyanobacteria,Cyanophyceae,Pseudanabaena,Pseudanabaena catenata,Cyanobacteria,None
Bacteria,Cyanobacteria,Cyanophyceae,Pseudanabaena,Pseudanabaena limnetica,Cyanobacteria,None
Bacteria,Cyanobacteria,Cyanophyceae,Pseudanabaena,Pseudanabaena minima,Cyanobacteria,None
Bacteria,Cyanobacteria,Cyanophyceae,Pseudanabaena,Pseudanabaena mucicola,Cyanobacteria,None
Bacteria,Cyanobacteria,Cyanophyceae,Pseudanabaena,Pseudanabaena sp.,Cyanobacteria,None
Chromista,Ochrophyta,Chrysophyceae,Pseudokephyrion,Pseudokephyrion ellipsoideum,Chrysophytes,None
Chromista,Ochrophyta,Chrysophyceae,Pseudokephyrion,Pseudokephyrion pseudospirale,Chrysophytes,None
Chromista,Ochrophyta,Chrysophyceae,Pseudokephyrion,Pseudokephyrion ruttneri,Chrysophytes,None
Chromista,Ochrophyta,Chrysophyceae,Pseudokephyrion,Pseudokephyrion sp.,Chrysophytes,None
Chromista,Ochrophyta,Bacillariophyceae,Pseudo-nitzschia,Pseudo-nitzschia sp.,Pennate Diatoms,None
Plantae,Chlorophyta,Chlorophyceae,Pseudoscourfieldia,Pseudoscourfieldia marina,Green Algae,None
Chromista,Ochrophyta,Fragilariophyceae,Pseudostaurosira,Pseudostaurosira brevistriata,Pennate Diatoms,Fragilaria brevistriata
Chromista,Ochrophyta,Fragilariophyceae,Pseudostaurosira,Pseudostaurosira parasitica,Pennate Diatoms,None
Chromista,Ochrophyta,Fragilariophyceae,Pseudostaurosira,Pseudostaurosira sp.,Pennate Diatoms,None
Plantae,Chlorophyta,Chlorophyceae,Pteromonas,Pteromonas angulosa,Green Algae,None
Plantae,Chlorophyta,Chlorophyceae,Pteromonas,Pteromonas sp.,Green Algae,None
Plantae,Chlorophyta,Prasinophyceae,Pyramimonas,Pyramimonas inconstans,Green Algae,None
Plantae,Chlorophyta,Prasinophyceae,Pyramimonas,Pyramimonas sp.,Green Algae,None
Plantae,Chlorophyta,Prasinophyceae,Pyramimonas,Pyramimonas tetrarhynchus,Green Algae,None
Chromista,Cryptophyta,Cryptophyceae,Pyrenomonas,Pyrenomonas sp.,Cryptophytes,Rhodomonas sp.
Protozoa,Dinozoa,Dinophyceae,Pyrophacus,Pyrophacus horologium,Dinoflagellates,None
Plantae,Chlorophyta,Chlorophyceae,Quadrigula,Quadrigula closterioides,Green Algae,None
Plantae,Chlorophyta,Chlorophyceae,Quadrigula,Quadrigula sp.,Green Algae,None
Plantae,Chlorophyta,Chlorophyceae,Radiococcus,Radiococcus sp.,Green Algae,None
Bacteria,Cyanobacteria,Cyanophyceae,Raphidiopsis,Raphidiopsis sp.,Cyanobacteria,None
Plantae,Chlorophyta,Chlorophyceae,Raphidocelis,Raphidocelis sp.,Green Algae,None
Plantae,Chlorophyta,Chlorophyceae,Raphidocelis,Raphidocelis subcapitata,Green Algae,None
Chromista,Ochrophyta,Bacillariophyceae,Reimeria,Reimeria sinuata,Pennate Diatoms,None
Plantae,Chlorophyta,Chlorophyceae,Rhizoclonium,Rhizoclonium sp.,Green Algae,None
Chromista,Ochrophyta,Coscinodiscophyceae,Rhizosolenia,Rhizosolenia eriensis,Centric Diatoms,Urosolenia eriensis
Chromista,Ochrophyta,Coscinodiscophyceae,Rhizosolenia,Rhizosolenia setigera,Centric Diatoms,None
Chromista,Ochrophyta,Coscinodiscophyceae,Rhizosolenia,Rhizosolenia sp.,Centric Diatoms,None
Chromista,Cryptophyta,Cryptophyceae,Rhodomonas,Rhodomonas lacustris,Cryptophytes,Plagioselmis lacustris
Chromista,Cryptophyta,Cryptophyceae,Rhodomonas,Rhodomonas salina,Cryptophytes,None
Chromista,Cryptophyta,Cryptophyceae,Rhodomonas,Rhodomonas sp.,Cryptophytes,None
Chromista,Ochrophyta,Bacillariophyceae,Rhoicosphenia,Rhoicosphenia abbreviata,Pennate Diatoms,None
Chromista,Ochrophyta,Bacillariophyceae,Rhoicosphenia,Rhoicosphenia curvata,Pennate Diatoms,Rhoicosphenia abbreviata
Chromista,Ochrophyta,Bacillariophyceae,Rhoicosphenia,Rhoicosphenia sp.,Pennate Diatoms,None
Chromista,Ochrophyta,Bacillariophyceae,Rhopalodia,Rhopalodia gibba,Pennate Diatoms,Epithemia gibba
Chromista,Ochrophyta,Bacillariophyceae,Rhopalodia,Rhopalodia gibberula,Pennate Diatoms,None
Chromista,Ochrophyta,Bacillariophyceae,Rhopalodia,Rhopalodia sp.,Pennate Diatoms,None
Bacteria,Cyanobacteria,Cyanophyceae,Romeria,Romeria simplex,Cyanobacteria,None
Plantae,Chlorophyta,Zygnematophyceae,Roya,Roya sp.,Green Algae,None
Protozoa,Ciliophora,Spirotrichea,Salpingella,Salpingella secata,Ciliates,None
Protozoa,Ciliophora,Spirotrichea,Salpingella,Salpingella sp.,Ciliates,None
Plantae,Chlorophyta,Chlorophyceae,Scenedesmus,Scenedesmus abundans,Green Algae,Desmodesmus abundans
Plantae,Chlorophyta,Chlorophyceae,Desmodesmus,Desmodesmus abundans,Green Algae,None
Plantae,Chlorophyta,Chlorophyceae,Scenedesmus,Scenedesmus acuminatus,Green Algae,Tetradesmus lagerheimii
Plantae,Chlorophyta,Chlorophyceae,Scenedesmus,Scenedesmus acutiformis,Green Algae,Acutodesmus acutiformis
Plantae,Chlorophyta,Chlorophyceae,Scenedesmus,Scenedesmus arcuatus,Green Algae,None
Plantae,Chlorophyta,Chlorophyceae,Scenedesmus,Scenedesmus armatus,Green Algae,None
Plantae,Chlorophyta,Chlorophyceae,Scenedesmus,Scenedesmus bicaudatus,Green Algae,Desmodesmus bicaudatus
Plantae,Chlorophyta,Chlorophyceae,Scenedesmus,Scenedesmus bijuga,Green Algae,None
Plantae,Chlorophyta,Chlorophyceae,Scenedesmus,Scenedesmus communis,Green Algae,Desmodesmus communis
Plantae,Chlorophyta,Chlorophyceae,Scenedesmus,Scenedesmus denticulatus,Green Algae,Desmodesmus denticulatus
Plantae,Chlorophyta,Chlorophyceae,Scenedesmus,Scenedesmus dimorphus,Green Algae,Tetradesmus dimorphus
Plantae,Chlorophyta,Chlorophyceae,Scenedesmus,Scenedesmus dispar,Green Algae,Desmodesmus dispar
Plantae,Chlorophyta,Chlorophyceae,Scenedesmus,Scenedesmus ellipticus,Green Algae,None
Plantae,Chlorophyta,Chlorophyceae,Scenedesmus,Scenedesmus falcatus,Green Algae,Scenedesmus acuminatus
Plantae,Chlorophyta,Chlorophyceae,Scenedesmus,Scenedesmus granulatus,Green Algae,Desmodesmus granulatus
Plantae,Chlorophyta,Chlorophyceae,Scenedesmus,Scenedesmus intermedius,Green Algae,Desmodesmus intermedius
Plantae,Chlorophyta,Chlorophyceae,Desmodesmus,Desmodesmus intermedius,Green Algae,None
Plantae,Chlorophyta,Chlorophyceae,Scenedesmus,Scenedesmus obtusus,Green Algae,None
Plantae,Chlorophyta,Chlorophyceae,Scenedesmus,Scenedesmus opoliensis,Green Algae,Desmodesmus opoliensis
Plantae,Chlorophyta,Chlorophyceae,Desmodesmus,Desmodesmus opoliensis,Green Algae,None
Plantae,Chlorophyta,Chlorophyceae,Scenedesmus,Scenedesmus quadricauda,Green Algae,None
Plantae,Chlorophyta,Chlorophyceae,Scenedesmus,Scenedesmus semipulcher,Green Algae,None
Plantae,Chlorophyta,Chlorophyceae,Scenedesmus,Scenedesmus sp.,Green Algae,None
Plantae,Chlorophyta,Chlorophyceae,Scenedesmus,Scenedesmus spp.,Green Algae,None
Plantae,Chlorophyta,Chlorophyceae,Scenedesmus,Scenedesmus subspicatus,Green Algae,Desmodesmus subspicatus
Plantae,Chlorophyta,Chlorophyceae,Schroederia,Schroederia robusta,Green Algae,Pseudoschroederia robusta
Plantae,Chlorophyta,Chlorophyceae,Schroederia,Schroederia setigera,Green Algae,None
Plantae,Chlorophyta,Chlorophyceae,Schroederia,Schroederia sp.,Green Algae,None
Protozoa,Dinozoa,Dinophyceae,Scrippsiella,Scrippsiella sp.,Dinoflagellates,None
Protozoa,Dinozoa,Dinophyceae,Scrippsiella,Scrippsiella trochoidea,Dinoflagellates,Scrippsiella acuminata
Plantae,Chlorophyta,Chlorophyceae,Selenastrum,Selenastrum bibraianum,Green Algae,None
Plantae,Chlorophyta,Chlorophyceae,Selenastrum,Selenastrum minutum,Green Algae,Monoraphidium minutum
Plantae,Chlorophyta,Chlorophyceae,Selenastrum,Selenastrum sp.,Green Algae,None
Plantae,Chlorophyta,Chlorophyceae,Selenastrum,Selenastrum westii,Green Algae,Ankistrodesmus gracilis
Chromista,Ochrophyta,Bacillariophyceae,Sellaphora,Sellaphora bacillum,Pennate Diatoms,None
Chromista,Ochrophyta,Bacillariophyceae,Sellaphora,Sellaphora pupula,Pennate Diatoms,None
Chromista,Ochrophyta,Bacillariophyceae,Sellaphora,Sellaphora sp.,Pennate Diatoms,None
Chromista,Ochrophyta,Bacillariophyceae,Seminavis,Seminavis sp.,Pennate Diatoms,None
Chromista,Ochrophyta,Coscinodiscophyceae,Skeletonema,Skeletonema costatum,Centric Diatoms,None
Chromista,Ochrophyta,Coscinodiscophyceae,Skeletonema,Skeletonema potamos,Centric Diatoms,None
Chromista,Ochrophyta,Coscinodiscophyceae,Skeletonema,Skeletonema sp.,Centric Diatoms,None
Bacteria,Cyanobacteria,Cyanophyceae,Snowella,Snowella sp.,Cyanobacteria,None
Plantae,Chlorophyta,Chlorophyceae,Spermatozopsis,Spermatozopsis exsultans,Green Algae,None
Plantae,Chlorophyta,Chlorophyceae,Sphaerellocystis,Sphaerellocystis ellipsoidea,Green Algae,None
Plantae,Chlorophyta,Chlorophyceae,Sphaerocystis,Sphaerocystis planctonica,Green Algae,None
Plantae,Chlorophyta,Chlorophyceae,Sphaerocystis,Sphaerocystis schroeteri,Green Algae,None
Plantae,Chlorophyta,Chlorophyceae,Sphaerocystis,Sphaerocystis sp.,Green Algae,None
Plantae,Chlorophyta,Zygnematophyceae,Sphaerozosma,Sphaerozosma sp.,Green Algae,None
Plantae,Chlorophyta,Zygnematophyceae,Spirogyra,Spirogyra maxima,Green Algae,None
Plantae,Chlorophyta,Zygnematophyceae,Spirogyra,Spirogyra sp.,Green Algae,None
Bacteria,Cyanobacteria,Cyanophyceae,Spirulina,Spirulina meneghiniana,Cyanobacteria,None
Bacteria,Cyanobacteria,Cyanophyceae,Spirulina,Spirulina princeps,Cyanobacteria,None
Bacteria,Cyanobacteria,Cyanophyceae,Spirulina,Spirulina sp.,Cyanobacteria,None
Plantae,Chlorophyta,Zygnematophyceae,Staurastrum,Staurastrum cingulum,Green Algae,None
Plantae,Chlorophyta,Zygnematophyceae,Staurastrum,Staurastrum crenulatum,Green Algae,None
Plantae,Chlorophyta,Zygnematophyceae,Staurastrum,Staurastrum curvatum,Green Algae,Staurodesmus cuspidicurvatus
Plantae,Chlorophyta,Zygnematophyceae,Staurastrum,Staurastrum planum,Green Algae,None
Plantae,Chlorophyta,Zygnematophyceae,Staurastrum,Staurastrum sebaldi,Green Algae,None
Plantae,Chlorophyta,Zygnematophyceae,Staurastrum,Staurastrum sp.,Green Algae,None
Chromista,Ochrophyta,Fragilariophyceae,Stauroforma,Stauroforma exiguiformis,Pennate Diatoms,None
Chromista,Ochrophyta,Bacillariophyceae,Stauroneis,Stauroneis sp.,Pennate Diatoms,None
Chromista,Ochrophyta,Fragilariophyceae,Staurosira,Staurosira construens,Pennate Diatoms,None
Chromista,Ochrophyta,Fragilariophyceae,Staurosira,Staurosira venter,Pennate Diatoms,None
Chromista,Ochrophyta,Fragilariophyceae,Staurosira,Staurosira sp.,Pennate Diatoms,None
Chromista,Ochrophyta,Fragilariophyceae,Staurosirella,Staurosirella pinnata,Pennate Diatoms,None
Chromista,Ochrophyta,Bacillariophyceae,Stenopterobia,Stenopterobia sp.,Pennate Diatoms,None
Chromista,Ochrophyta,Coscinodiscophyceae,Stephanocyclus,Stephanocyclus meneghiniana,Centric Diatoms,Cyclotella meneghiniana
Chromista,Ochrophyta,Coscinodiscophyceae,Stephanodiscus,Stephanodiscus astraea,Centric Diatoms,None
Chromista,Ochrophyta,Coscinodiscophyceae,Stephanodiscus,Stephanodiscus niagarae,Centric Diatoms,None
Chromista,Ochrophyta,Coscinodiscophyceae,Stephanodiscus,Stephanodiscus sp.,Centric Diatoms,None
Chromista,Ochrophyta,Coscinodiscophyceae,Stephanodiscus,Stephanodiscus tenuis,Centric Diatoms,Stephanodiscus hantzschii f. tenuis
Chromista,Ochrophyta,Coscinodiscophyceae,Stephanopyxis,Stephanopyxis turris,Centric Diatoms,Eupyxidicula turris
Plantae,Chlorophyta,Ulvophyceae,Stichococcus,Stichococcus subtilis,Green Algae,Klebsormidium subtile
Plantae,Chlorophyta,Chlorophyceae,Stigeoclonium,Stigeoclonium sp.,Green Algae,None
Bacteria,Cyanobacteria,Cyanophyceae,Stigonema,Stigonema sp.,Cyanobacteria,None
Chromista,Ochrophyta,Fragilariophyceae,Striatella,Striatella unipunctata,Pennate Diatoms,None
Protozoa,Ciliophora,Ciliatea,Strombidium,Strombidium sp.,Ciliates,None
Protozoa,Euglenozoa,Euglenophyceae,Strombomonas,Strombomonas acuminatus,Euglenoids,None
Protozoa,Euglenozoa,Euglenophyceae,Strombomonas,Strombomonas rotunda,Euglenoids,None
Protozoa,Euglenozoa,Euglenophyceae,Strombomonas,Strombomonas sp.,Euglenoids,None
Chromista,Ochrophyta,Bacillariophyceae,Surirella,Surirella angustata,Pennate Diatoms,None
Chromista,Ochrophyta,Bacillariophyceae,Surirella,Surirella bifrons,Pennate Diatoms,Iconella bifrons
Chromista,Ochrophyta,Bacillariophyceae,Surirella,Surirella brebissonii,Pennate Diatoms,None
Chromista,Ochrophyta,Bacillariophyceae,Surirella,Surirella librile,Pennate Diatoms,None
Chromista,Ochrophyta,Bacillariophyceae,Surirella,Surirella linearis,Pennate Diatoms,Iconella linearis
Chromista,Ochrophyta,Bacillariophyceae,Surirella,Surirella minuta,Pennate Diatoms,None
Chromista,Ochrophyta,Bacillariophyceae,Surirella,Surirella ovalis,Pennate Diatoms,None
Chromista,Ochrophyta,Bacillariophyceae,Surirella,Surirella ovata,Pennate Diatoms,Surirella minuta
Chromista,Ochrophyta,Bacillariophyceae,Surirella,Surirella sp.,Pennate Diatoms,None
Chromista,Ochrophyta,Bacillariophyceae,Surirella,Surirella suecica,Pennate Diatoms,None
Bacteria,Cyanobacteria,Cyanophyceae,Synechococcus,Synechococcus aeruginosus,Cyanobacteria,Cyanothece aeruginosa
Bacteria,Cyanobacteria,Cyanophyceae,Synechococcus,Synechococcus salinarum,Cyanobacteria,None
Bacteria,Cyanobacteria,Cyanophyceae,Synechococcus,Synechococcus sp.,Cyanobacteria,None
Bacteria,Cyanobacteria,Cyanophyceae,Synechocystis,Synechocystis sp.,Cyanobacteria,None
Chromista,Ochrophyta,Fragilariophyceae,Synedra,Synedra actinastroides,Pennate Diatoms,Nitzschia holsatica
Chromista,Ochrophyta,Fragilariophyceae,Synedra,Synedra acus,Pennate Diatoms,Fragilaria acus
Chromista,Ochrophyta,Fragilariophyceae,Synedra,Synedra berolinensis,Pennate Diatoms,Belonastrum berolinensis
Chromista,Ochrophyta,Fragilariophyceae,Synedra,Synedra nana,Pennate Diatoms,None
Chromista,Ochrophyta,Fragilariophyceae,Synedra,Synedra parasitica,Pennate Diatoms,Pseudostaurosira parasitica
Chromista,Ochrophyta,Fragilariophyceae,Synedra,Synedra rumpens,Pennate Diatoms,Fragilaria rumpens
Chromista,Ochrophyta,Fragilariophyceae,Synedra,Synedra sp.,Pennate Diatoms,None
Chromista,Ochrophyta,Fragilariophyceae,Synedra,Synedra spp.,Pennate Diatoms,None
Chromista,Ochrophyta,Fragilariophyceae,Synedra,Synedra tabulata,Pennate Diatoms,Tabularia tabulata
Chromista,Ochrophyta,Fragilariophyceae,Synedra,Synedra tenera,Pennate Diatoms,Fragilaria tenera
Chromista,Ochrophyta,Fragilariophyceae,Fragilaria,Fragilaria tenera,Pennate Diatoms,None
Chromista,Ochrophyta,Fragilariophyceae,Synedra,Synedra ulna,Pennate Diatoms,Ulnaria ulna
Chromista,Ochrophyta,Fragilariophyceae,Synedra,Synedra vaucheriae,Pennate Diatoms,Fragilaria vaucheriae
Chromista,Ochrophyta,Synurophyceae,Synura,Synura sp.,Synurophytes,None
Chromista,Ochrophyta,Synurophyceae,Synura,Synura uvella,Synurophytes,None
Chromista,Ochrophyta,Fragilariophyceae,Tabellaria,Tabellaria fenestrata,Pennate Diatoms,None
Chromista,Ochrophyta,Fragilariophyceae,Tabellaria,Tabellaria flocculosa,Pennate Diatoms,None
Chromista,Ochrophyta,Fragilariophyceae,Tabellaria,Tabellaria sp.,Pennate Diatoms,None
Plantae,Chlorophyta,Zygnematophyceae,Teilingia,Teilingia granulata,Green Algae,None
Chromista,Cryptophyta,Cryptophyceae,Teleaulax,Teleaulax acuta,Cryptophytes,None
Chromista,Cryptophyta,Cryptophyceae,Teleaulax,Teleaulax sp.,Cryptophytes,None
Chromista,Ochrophyta,Coscinodiscophyceae,Terpsinoe,Terpsinoe musica,Centric Diatoms,None
Chromista,Ochrophyta,Coscinodiscophyceae,Terpsinoe,Terpsinoe sp.,Centric Diatoms,None
Plantae,Chlorophyta,Chlorophyceae,Tetracystis,Tetracystis chlorococcoides,Green Algae,Chlorococcum chlorococcoides
Plantae,Chlorophyta,Chlorophyceae,Tetradesmus,Tetradesmus dimorphus,Green Algae,None
Plantae,Chlorophyta,Chlorophyceae,Tetradesmus,Tetradesmus sp.,Green Algae,None
Plantae,Chlorophyta,Chlorophyceae,Tetraedron,Tetraedron caudatum,Green Algae,None
Plantae,Chlorophyta,Chlorophyceae,Tetraedron,Tetraedron limneticum,Green Algae,Pseudostaurastrum limneticum
Plantae,Chlorophyta,Chlorophyceae,Tetraedron,Tetraedron lunula,Green Algae,None
Plantae,Chlorophyta,Chlorophyceae,Tetraedron,Tetraedron minimum,Green Algae,None
Plantae,Chlorophyta,Chlorophyceae,Tetraedron,Tetraedron muticum,Green Algae,Goniochloris mutica
Plantae,Chlorophyta,Chlorophyceae,Tetraedron,Tetraedron regulare,Green Algae,Tetraedriella regularis
Plantae,Chlorophyta,Chlorophyceae,Tetraedron,Tetraedron sp.,Green Algae,None
Plantae,Chlorophyta,Chlorophyceae,Tetraedron,Tetraedron trigonum,Green Algae,None
Plantae,Chlorophyta,Chlorophyceae,Tetraselmis,Tetraselmis cordiformis,Green Algae,None
Plantae,Chlorophyta,Chlorophyceae,Tetraselmis,Tetraselmis maculata,Green Algae,None
Plantae,Chlorophyta,Chlorophyceae,Tetraselmis,Tetraselmis sp.,Green Algae,None
Plantae,Chlorophyta,Chlorophyceae,Tetraselmis,Tetraselmis wettsteinii,Green Algae,None
Plantae,Chlorophyta,Chlorophyceae,Tetrastrum,Tetrastrum elegans,Green Algae,None
Plantae,Chlorophyta,Chlorophyceae,Tetrastrum,Tetrastrum glabrum,Green Algae,None
Plantae,Chlorophyta,Chlorophyceae,Tetrastrum,Tetrastrum heteracanthum,Green Algae,None
Plantae,Chlorophyta,Chlorophyceae,Tetrastrum,Tetrastrum sp.,Green Algae,None
Plantae,Chlorophyta,Chlorophyceae,Tetrastrum,Tetrastrum staurogeniaeforme,Green Algae,None
Plantae,Chlorophyta,Chlorophyceae,Tetrastrum,Tetrastrum triangulare,Green Algae,Lemmermannia triangularis
Chromista,Ochrophyta,Fragilariophyceae,Thalassionema,Thalassionema nitzschioides,Pennate Diatoms,None
Chromista,Ochrophyta,Fragilariophyceae,Thalassionema,Thalassionema sp.,Pennate Diatoms,None
Chromista,Ochrophyta,Coscinodiscophyceae,Thalassiosira,Thalassiosira eccentrica,Centric Diatoms,None
Chromista,Ochrophyta,Coscinodiscophyceae,Thalassiosira,Thalassiosira rotula,Centric Diatoms,Thalassiosira gravida
Chromista,Ochrophyta,Coscinodiscophyceae,Thalassiosira,Thalassiosira sp.,Centric Diatoms,None
Chromista,Ochrophyta,Coscinodiscophyceae,Thalassiosira,Thalassiosira tenera,Centric Diatoms,None
Protozoa,Euglenozoa,Euglenophyceae,Trachelomonas,Trachelomonas abrupta,Euglenoids,None
Protozoa,Euglenozoa,Euglenophyceae,Trachelomonas,Trachelomonas hispida,Euglenoids,None
Protozoa,Euglenozoa,Euglenophyceae,Trachelomonas,Trachelomonas sp.,Euglenoids,None
Protozoa,Euglenozoa,Euglenophyceae,Trachelomonas,Trachelomonas spp.,Euglenoids,None
Protozoa,Euglenozoa,Euglenophyceae,Trachelomonas,Trachelomonas volvocina,Euglenoids,None
Chromista,Ochrophyta,Xanthophyceae,Trachychloron,Trachychloron depauperatum,Xanthophytes,None
Plantae,Chlorophyta,Chlorophyceae,Treubaria,Treubaria setigera,Green Algae,None
Plantae,Chlorophyta,Chlorophyceae,Treubaria,Treubaria sp.,Green Algae,None
Chromista,Ochrophyta,Coscinodiscophyceae,Triceratium,Triceratium sp.,Centric Diatoms,None
Plantae,Chlorophyta,Chlorophyceae,Trochiscia,Trochiscia sp.,Green Algae,None
Chromista,Ochrophyta,Bacillariophyceae,Tryblionella,Tryblionella acuminata,Pennate Diatoms,None
Chromista,Ochrophyta,Bacillariophyceae,Tryblionella,Tryblionella calida,Pennate Diatoms,None
Chromista,Ochrophyta,Bacillariophyceae,Tryblionella,Tryblionella granulata,Pennate Diatoms,None
Chromista,Ochrophyta,Bacillariophyceae,Tryblionella,Tryblionella levidensis,Pennate Diatoms,None
Chromista,Ochrophyta,Bacillariophyceae,Tryblionella,Tryblionella persuadens,Pennate Diatoms,None
Chromista,Ochrophyta,Bacillariophyceae,Tryblionella,Tryblionella sp.,Pennate Diatoms,None
Chromista,Ochrophyta,Bacillariophyceae,Tryblionella,Tryblionella victoriae,Pennate Diatoms,None
Chromista,Ochrophyta,Fragilariophyceae,Ulnaria,Ulnaria contracta,Pennate Diatoms,None
Chromista,Ochrophyta,Fragilariophyceae,Ulnaria,Ulnaria sp.,Pennate Diatoms,None
Chromista,Ochrophyta,Fragilariophyceae,Ulnaria,Ulnaria ulna,Pennate Diatoms,None
Plantae,Chlorophyta,Ulvophyceae,Ulothrix,Ulothrix sp.,Green Algae,None
Plantae,Chlorophyta,Ulvophyceae,Ulothrix,Ulothrix subconstricta,Green Algae,Gloeotila subconstricta
Plantae,Chlorophyta,Ulvophyceae,Ulothrix,Ulothrix subtilissima,Green Algae,Klebsormidium subtile
Plantae,Chlorophyta,Ulvophyceae,Ulothrix,Ulothrix tenuissima,Green Algae,None
Unknown,Unknown,Unknown,Unknown,Unknown Algae,Unknown,None
Chromista,Ochrophyta,Coscinodiscophyceae,Unknown centric diatom,Unknown Centric Diatom,Centric Diatoms,Unknown centric diatom
Chromista,Ochrophyta,Chrysophyceae,Unknown chrysophyte,Unknown chrysophyte,Chrysophytes,None
Plantae,Chlorophyta,Chlorophyceae,Unknown,Unknown Coccoid Green Alga,Green Algae,Unknown
Bacteria,Cyanobacteria,Cyanophyceae,Unknown Cyanobacterium,Unknown Cyanobacterium,Cyanobacteria,Unknown
Protozoa,Dinozoa,Dinophyceae,Unknown dinoflagellates,Unknown Dinoflagellates,Dinoflagellates,Unknown
Protozoa,Euglenozoa,Euglenophyceae,Unknown,Unknown Euglenoid,Euglenoids,Unknown
Plantae,Chlorophyta,Chlorophyceae,Unknown,Unknown Filamentous Green Alga,Green Algae,Unknown
Unknown,Unknown,Unknown,Unknown,Unknown Genus,Unknown,None
Plantae,Chlorophyta,Chlorophyceae,Unknown green alga,Unknown Green Alga,Green Algae,Unknown
Chromista,Ochrophyta,Bacillariophyceae,Unknown pennate diatom,Unknown Pennate Diatom,Pennate Diatoms,Unknown
Chromista,Ochrophyta,Coscinodiscophyceae,Urosolenia,Urosolenia sp.,Centric Diatoms,None
Plantae,Chlorophyta,Chlorophyceae,Volvox,Volvox sp.,Green Algae,None
Protozoa,Dinozoa,Dinophyceae,Warnowia,Warnowia parva,Dinoflagellates,None
Protozoa,Dinozoa,Dinophyceae,Warnowia,Warnowia sp.,Dinoflagellates,None
Plantae,Chlorophyta,Chlorophyceae,Westella,Westella botryoides,Green Algae,None
Plantae,Chlorophyta,Chlorophyceae,Westella,Westella linearis,Green Algae,Westellopsis linearis
Plantae,Chlorophyta,Chlorophyceae,Westella,Westella sp.,Green Algae,None
Protozoa,Dinozoa,Dinophyceae,Woloszynskia,Woloszynskia coronata,Dinoflagellates,Tovellia coronata
Protozoa,Dinozoa,Dinophyceae,Woloszynskia,Woloszynskia sp.,Dinoflagellates,None
Bacteria,Cyanobacteria,Cyanophyceae,Woronichinia,Woronichinia sp.,Cyanobacteria,None
Plantae,Chlorophyta,Zygnematophyceae,Xanthidium,Xanthidium sp.,Green Algae,None
Chromista,Bacillariophyta,Bacillariophyceae,Capartogramma,Capartogramma sp.,Pennate Diatom,None
Chromista,Bacillariophyta,Mediophyceae,Cyclotella,Cyclotella distinguenda,Centric Diatom,None
Chromista,Bacillariophyta,Bacillariophyceae,Cymbella,Cymbella tumida,Pennate Diatom,None
Chromista,Bacillariophyta,Bacillariophyceae,Gomphonema,Gomphonema constricta,Pennate Diatom,Gomphonemalingulatumvar.constrictum
Chromista,Bacillariophyta,Bacillariophyceae,Iconella,Iconella tenera,Pennate Diatom,None
Unknown,Unknown,Unknown,Unknown,LGBs,Unknown,None
Eubacteria,Cyanobacteria,Cyanophyceae,Merismopedia,Merismopedia warmigiana,Cyanobacterium,None
Chromista,Bacillariophyta,Bacillariophyceae,Navicula,Navicula eidrigiana,Pennate Diatom,None
Chromista,Bacillariophyta,Bacillariophyceae,Navicula,Navicula oppugnata,Pennate Diatom,None
Chromista,Bacillariophyta,Bacillariophyceae,Navicula,Navicula recens,Pennate Diatom,None
Chromista,Bacillariophyta,Bacillariophyceae,Nitzschia,Nitzschia exilis,Pennate Diatom,None
Plantae,Chlorophyta,Chlorophyceae,Pediastrum,Pediastrum angulosum,Green alga,None
Protozoa,Euglenozoa,Euglenophyceae,Phacus,Phacus hamelii,Unknown flagellate,None
Plantae,Chlorophyta,Chlorophyceae,Selenastrum,Selenastrum gracile,Green alga,Messastrum gracile
Chromista,Miozoa,Unknown,Unknown,small dinoflagellates,Dinoflagellate,None
Chromista,Miozoa,Unknown,Unknown,Unknown Dinoflagellate sp.,Dinoflagellate,None
Unknown,Unknown,Unknown,Unknown,small nano-flagellates,Unknown,None
Eubacteria,Cyanobacteria,Cyanophyceae,Sphaerospermopsis,Sphaerospermopsis aphanizomenoides,Cyanobacterium,None
Chromista,Bacillariophyta,Bacillariophyceae,Staurosirella,Staurosirella sp.,Pennate Diatom,Fragilaria lapponica
Chromista,Bacillariophyta,Bacillariophyceae,Surirella,Surirella iowensis,Pennate Diatom,None
Chromista,Bacillariophyta,Mediophyceae,Thalassiosira,Thalassiosira bramaputrae,Centric Diatom,None
Chromista,Bacillariophyta,Mediophyceae,Thalassiosira,Thalassiosira decipiens,Centric Diatom,None
Eubacteria,Cyanobacteria,Unknown,Unknown,Unknown Banana Blue Green,Cyanobacterium,None
Chromista,Bacillariophyta,Unknown,Unknown,Unknown centrales sp.,Centric Diatom,None
Chromista,Bacillariophyta,Unknown,Unknown,Unknown Centric diatom,Centric Diatom,None
Chromista,Bacillariophyta,Unknown,Unknown,Unknown centric sp.,Centric Diatom,None
Plantae,Chlorophyta,Unknown,Unknown,Unknown Chlorophyte alga sp.,Green alga,None
Plantae,Chlorophyta,Unknown,Unknown,Unknown Chlorophyte filament,Green alga,None
Chromista,Ochrophyta,Chrysophyceae,Unknown,Unknown crysophyte,Chrysophyte,None
Eubacteria,Cyanobacteria,Unknown,Unknown,Unknown Cyanobacteria sp.,Cyanobacterium,None
Chromista,Miozoa,Unknown,Unknown,Unknown dinoflagellate sp.,Dinoflagellate,None
Unknown,Unknown,Unknown,Unknown,Unknown genus,Unknown,None
Chromista,Bacillariophyta,Unknown,Unknown,Unknown girdle sp.,Unknown Diatom,None
Chromista,Bacillariophyta,Bacillariophyceae,Unknown,Unknown pennales sp.,Pennate Diatom,None
Chromista,Bacillariophyta,Bacillariophyceae,Unknown,Unknown pennate girdle sp.,Pennate Diatom,None
Chromista,Bacillariophyta,Bacillariophyceae,Didymosphenia,Didymosphenia sp.,Pennate Diatom,None
Plantae,Chlorophyta,Chlorophyceae,Chlamydonephris,Chlamydonephris sp.,Green Algae,None
